Size_1000sqft,Price_1000s
0.55,220.4
0.55,197.2
0.55,194.3
0.55,208.5
0.55,191.9
0.55,215.5
0.55,214.4
0.55,199.3
0.55,207.5
0.55,205.6
0.55,200.9
0.55,204.4
0.55,210.2
0.55,197.9
0.55,197.0
0.55,197.3
0.55,204.9
0.55,199.7
0.55,192.9
0.55,205.6
0.55,211.6
0.55,207.1
0.55,201.2
0.55,195.8
0.55,210.6
0.55,206.9
0.55,209.0
0.55,208.6
0.55,195.6
0.55,213.3
0.55,210.9
0.55,192.0
0.55,199.5
0.55,207.3
0.55,211.7
0.55,214.2
0.55,200.0
0.55,206.9
0.55,201.8
0.55,196.6
0.55,198.6
0.55,202.5
0.55,212.4
0.55,215.5
0.55,204.2
0.55,206.3
0.55,206.9
0.55,205.0
0.55,208.4
0.55,203.9
0.55,210.4
0.55,212.9
0.55,206.1
0.55,204.9
0.55,208.0
0.55,207.6
0.55,207.0
0.55,216.2
0.55,212.0
0.55,201.9
0.55,202.7
0.55,191.0
0.55,209.1
0.55,212.4
0.55,204.0
0.55,212.9
0.551,211.8
0.551,212.0
0.552,206.1
0.555,203.3
0.556,203.5
0.557,201.7
0.557,190.5
0.558,200.5
0.56,210.1
0.56,207.0
0.562,205.5
0.563,204.5
0.565,204.7
0.566,250.5
0.566,204.7
0.57,201.2
0.571,212.2
0.573,201.8
0.573,207.6
0.574,208.6
0.575,218.5
0.575,210.2
0.575,209.1
0.576,208.0
0.582,212.8
0.582,201.5
0.583,210.7
0.584,210.3
0.588,223.7
0.589,203.6
0.59,211.4
0.591,210.7
0.592,221.1
0.594,213.3
0.594,218.8
0.597,210.2
0.598,212.1
0.6,207.5
0.6,197.4
0.601,201.7
0.603,208.3
0.603,196.5
0.603,202.1
0.603,227.2
0.604,216.6
0.605,227.8
0.606,206.8
0.606,218.8
0.606,231.7
0.606,199.7
0.606,216.9
0.607,214.2
0.607,202.6
0.609,213.3
0.609,219.2
0.609,214.3
0.609,212.2
0.61,212.2
0.613,220.1
0.613,210.6
0.614,216.3
0.614,212.1
0.614,212.1
0.616,215.2
0.617,213.3
0.617,229.8
0.618,204.7
0.618,211.2
0.621,214.3
0.621,210.0
0.622,219.8
0.625,201.4
0.626,206.3
0.627,221.5
0.627,207.5
0.628,215.2
0.628,217.5
0.629,217.0
0.629,215.4
0.629,222.5
0.63,220.9
0.633,216.8
0.633,220.1
0.633,213.6
0.634,221.3
0.634,217.0
0.635,218.7
0.635,222.8
0.635,221.3
0.637,217.8
0.639,224.8
0.639,211.1
0.639,209.1
0.639,221.0
0.639,224.8
0.64,215.3
0.64,224.3
0.642,222.5
0.643,236.5
0.644,209.8
0.644,212.7
0.645,216.4
0.645,213.0
0.646,226.2
0.646,217.8
0.646,217.5
0.648,214.8
0.649,213.2
0.651,219.5
0.652,225.4
0.652,213.7
0.652,219.7
0.652,214.3
0.652,215.8
0.653,217.5
0.655,214.2
0.656,228.1
0.656,219.2
0.656,224.4
0.657,224.7
0.657,227.0
0.658,207.1
0.658,214.1
0.658,213.2
0.658,204.9
0.659,220.1
0.659,228.9
0.659,227.1
0.66,217.4
0.661,211.7
0.661,213.7
0.661,235.1
0.662,222.5
0.662,224.9
0.663,215.7
0.664,216.3
0.664,246.1
0.665,225.9
0.667,207.3
0.667,234.7
0.668,234.9
0.668,230.5
0.668,218.0
0.67,232.8
0.671,220.9
0.672,226.1
0.672,216.0
0.673,218.7
0.673,219.9
0.674,220.1
0.674,224.9
0.674,210.9
0.674,235.2
0.675,229.4
0.676,222.9
0.676,214.6
0.677,222.3
0.677,233.1
0.677,229.2
0.677,212.4
0.677,224.0
0.678,228.3
0.678,207.7
0.678,214.7
0.679,219.7
0.679,229.5
0.679,226.4
0.679,231.4
0.679,226.8
0.68,238.4
0.681,214.5
0.682,229.6
0.683,220.8
0.683,214.3
0.683,218.0
0.683,220.2
0.684,218.7
0.684,226.5
0.684,219.4
0.684,239.5
0.684,211.3
0.685,236.4
0.686,222.3
0.687,221.6
0.687,220.4
0.687,224.9
0.687,211.1
0.689,219.8
0.689,233.3
0.69,229.2
0.691,233.5
0.691,211.7
0.692,224.9
0.692,232.1
0.693,223.2
0.693,226.7
0.694,229.1
0.694,217.7
0.694,227.3
0.694,225.2
0.695,212.7
0.698,232.1
0.699,239.8
0.7,217.5
0.701,219.2
0.702,212.6
0.702,226.2
0.702,229.7
0.704,211.3
0.704,224.7
0.704,231.6
0.705,223.8
0.705,232.4
0.705,229.0
0.707,224.8
0.707,215.9
0.708,220.1
0.708,245.1
0.708,235.9
0.708,231.4
0.709,247.1
0.709,230.1
0.709,218.9
0.71,225.7
0.711,242.3
0.711,229.9
0.712,225.4
0.712,226.7
0.714,222.1
0.714,222.5
0.715,242.1
0.715,231.7
0.716,230.1
0.717,234.9
0.718,228.3
0.718,216.8
0.718,246.8
0.719,239.5
0.72,231.8
0.72,248.2
0.721,238.5
0.721,229.5
0.721,225.1
0.722,232.5
0.722,234.5
0.722,232.7
0.723,238.9
0.723,219.4
0.723,239.0
0.723,231.2
0.724,223.1
0.724,237.3
0.724,238.1
0.725,235.1
0.725,235.7
0.725,230.4
0.725,217.4
0.726,216.6
0.726,226.5
0.727,232.9
0.727,225.6
0.727,229.0
0.728,239.2
0.728,228.8
0.728,233.0
0.729,227.1
0.73,243.1
0.731,232.3
0.731,241.8
0.731,211.3
0.732,227.6
0.732,218.6
0.732,224.5
0.733,215.5
0.733,236.6
0.734,233.1
0.735,234.0
0.735,238.6
0.735,228.9
0.735,225.8
0.736,230.7
0.737,208.6
0.737,230.2
0.737,229.8
0.737,228.1
0.738,239.2
0.738,242.3
0.738,246.7
0.738,236.0
0.738,236.5
0.738,243.8
0.738,238.0
0.738,228.0
0.739,232.7
0.739,237.1
0.74,239.7
0.74,218.4
0.74,242.0
0.741,239.2
0.741,223.2
0.741,233.9
0.741,238.0
0.741,231.1
0.742,250.6
0.743,230.5
0.743,230.7
0.743,230.1
0.744,227.7
0.744,229.8
0.745,238.9
0.745,236.7
0.746,224.2
0.747,252.9
0.747,226.0
0.748,247.3
0.749,229.2
0.749,246.4
0.749,231.1
0.75,238.2
0.75,237.3
0.75,226.0
0.75,242.0
0.751,220.5
0.752,228.7
0.752,231.1
0.753,235.9
0.753,227.0
0.754,219.1
0.754,217.5
0.754,230.8
0.754,229.8
0.755,227.2
0.755,242.1
0.755,232.1
0.755,233.0
0.755,236.3
0.756,226.1
0.756,228.2
0.756,241.9
0.756,242.3
0.756,295.5
0.757,234.7
0.757,240.3
0.757,251.4
0.757,241.8
0.757,227.2
0.757,230.6
0.757,246.1
0.758,232.5
0.758,232.8
0.758,236.3
0.758,245.9
0.758,225.8
0.759,233.6
0.759,229.0
0.76,236.9
0.76,230.9
0.76,239.4
0.76,235.4
0.76,240.1
0.761,246.6
0.762,230.0
0.762,249.1
0.762,242.6
0.762,232.1
0.763,247.1
0.763,233.2
0.764,253.6
0.764,230.9
0.764,223.5
0.764,240.4
0.764,231.1
0.764,223.2
0.764,237.2
0.764,246.7
0.764,217.0
0.765,216.7
0.765,247.2
0.765,232.6
0.765,247.3
0.765,232.8
0.765,230.4
0.766,241.7
0.766,233.5
0.766,229.4
0.767,233.9
0.767,236.4
0.767,241.8
0.768,240.1
0.768,225.3
0.769,243.0
0.769,253.5
0.769,226.6
0.769,243.9
0.769,222.6
0.77,238.3
0.77,230.3
0.771,235.0
0.772,223.3
0.773,237.3
0.773,246.5
0.773,242.8
0.774,242.8
0.774,227.1
0.774,255.4
0.775,250.1
0.775,221.9
0.775,237.4
0.775,247.6
0.776,233.9
0.776,254.7
0.776,250.1
0.777,226.6
0.777,257.2
0.778,225.8
0.778,235.4
0.778,238.2
0.778,244.7
0.778,235.0
0.779,229.7
0.779,246.8
0.779,235.5
0.781,240.1
0.781,233.9
0.781,237.2
0.781,244.0
0.782,239.6
0.782,243.2
0.783,230.7
0.783,234.2
0.784,222.6
0.784,244.9
0.784,230.4
0.784,247.4
0.784,238.0
0.784,232.3
0.785,238.2
0.786,220.6
0.786,250.1
0.787,252.1
0.787,252.6
0.788,227.4
0.788,255.0
0.788,240.8
0.789,239.7
0.789,241.8
0.789,232.1
0.79,237.2
0.79,256.1
0.791,235.4
0.791,239.2
0.791,242.2
0.791,237.9
0.791,235.0
0.792,256.2
0.792,231.3
0.792,229.7
0.792,233.6
0.792,235.8
0.793,243.3
0.793,232.8
0.793,248.7
0.794,239.5
0.794,226.9
0.795,241.3
0.796,240.1
0.796,237.1
0.796,222.6
0.796,247.6
0.797,244.7
0.797,251.4
0.797,239.7
0.797,241.6
0.798,269.1
0.799,237.1
0.799,252.5
0.8,243.4
0.8,226.2
0.8,245.1
0.801,248.9
0.801,245.4
0.802,222.3
0.803,234.2
0.803,247.2
0.804,237.7
0.804,253.4
0.805,253.3
0.805,235.9
0.805,254.5
0.805,234.7
0.805,241.4
0.806,247.5
0.806,231.6
0.806,232.7
0.807,252.7
0.807,243.9
0.807,241.4
0.808,240.7
0.808,230.5
0.808,237.4
0.809,235.4
0.809,239.1
0.809,219.2
0.81,240.5
0.81,239.3
0.81,256.6
0.811,240.9
0.811,243.1
0.811,248.0
0.811,252.3
0.811,231.6
0.812,239.9
0.812,238.1
0.812,239.1
0.812,251.8
0.813,254.0
0.813,258.9
0.813,241.0
0.814,228.6
0.814,239.2
0.814,243.9
0.814,259.3
0.814,248.9
0.815,246.1
0.815,222.3
0.816,253.2
0.816,230.6
0.816,253.0
0.816,241.5
0.817,252.9
0.817,256.0
0.818,270.6
0.818,238.8
0.818,250.7
0.818,247.5
0.819,256.6
0.819,238.9
0.819,249.9
0.819,256.0
0.82,252.5
0.821,238.1
0.821,252.4
0.821,216.2
0.821,233.6
0.821,251.4
0.821,234.5
0.822,252.5
0.822,238.7
0.822,243.3
0.822,229.5
0.822,237.2
0.822,244.8
0.823,252.6
0.823,240.1
0.823,249.2
0.824,246.9
0.824,243.2
0.824,245.5
0.824,228.0
0.824,230.6
0.825,248.9
0.826,224.0
0.826,259.0
0.826,243.6
0.826,248.3
0.827,240.9
0.827,250.0
0.827,251.7
0.827,236.8
0.828,253.1
0.828,256.6
0.828,236.0
0.829,232.8
0.829,248.1
0.829,253.4
0.829,246.0
0.829,242.1
0.83,243.9
0.83,232.4
0.83,244.8
0.831,233.8
0.831,247.3
0.831,233.9
0.831,248.8
0.832,256.7
0.832,238.2
0.832,248.4
0.832,249.3
0.832,258.5
0.832,252.6
0.832,246.5
0.832,242.6
0.832,244.3
0.832,253.6
0.833,256.1
0.833,243.8
0.833,242.6
0.834,260.3
0.834,254.4
0.834,237.3
0.835,253.3
0.835,240.5
0.836,251.9
0.836,238.7
0.836,245.2
0.837,235.2
0.837,245.9
0.837,233.1
0.837,245.2
0.838,246.8
0.838,238.6
0.838,234.2
0.838,256.4
0.838,242.9
0.838,243.6
0.838,256.2
0.839,247.9
0.839,250.3
0.839,252.3
0.839,249.8
0.84,246.8
0.84,248.3
0.84,273.5
0.84,236.2
0.84,253.7
0.84,254.8
0.84,242.9
0.84,257.6
0.841,255.6
0.842,258.6
0.842,227.5
0.842,267.9
0.842,234.6
0.842,252.5
0.843,244.3
0.843,255.7
0.843,235.1
0.844,233.4
0.844,259.9
0.844,258.7
0.844,239.7
0.844,231.6
0.845,256.2
0.845,237.8
0.845,243.6
0.845,231.3
0.846,237.1
0.846,235.6
0.846,231.2
0.846,275.7
0.846,239.3
0.846,260.6
0.847,254.3
0.847,261.8
0.847,235.5
0.848,251.6
0.848,249.7
0.849,248.9
0.849,254.6
0.849,255.7
0.849,257.2
0.849,233.7
0.85,255.2
0.85,254.5
0.851,246.1
0.851,249.0
0.851,258.8
0.851,252.7
0.851,246.9
0.852,252.2
0.852,249.0
0.853,242.3
0.853,258.2
0.853,242.7
0.853,250.4
0.853,244.5
0.854,251.9
0.854,248.7
0.854,236.2
0.854,266.4
0.854,247.8
0.854,240.9
0.854,241.2
0.854,259.2
0.855,246.2
0.855,239.7
0.855,224.8
0.855,261.9
0.856,246.4
0.856,243.6
0.856,244.5
0.856,295.8
0.856,257.7
0.856,240.2
0.857,238.0
0.857,247.0
0.857,265.6
0.857,249.0
0.858,244.1
0.858,263.1
0.858,255.6
0.858,241.3
0.858,237.9
0.858,262.3
0.859,241.3
0.859,257.0
0.859,233.1
0.859,244.2
0.86,241.9
0.86,254.2
0.86,255.4
0.861,246.9
0.861,256.2
0.861,269.1
0.861,234.3
0.862,263.2
0.862,268.2
0.862,239.2
0.862,248.0
0.862,252.1
0.862,244.3
0.862,241.2
0.862,237.8
0.863,250.7
0.863,254.2
0.863,257.0
0.864,261.2
0.864,262.9
0.864,244.6
0.864,261.4
0.864,254.8
0.864,259.6
0.864,253.3
0.864,240.6
0.864,252.2
0.864,239.4
0.865,266.2
0.865,251.4
0.865,241.0
0.865,256.1
0.865,229.1
0.865,254.3
0.866,272.1
0.866,255.7
0.867,250.4
0.867,245.3
0.867,265.3
0.867,226.7
0.867,247.1
0.867,262.8
0.867,240.7
0.868,261.5
0.868,247.2
0.868,242.8
0.868,251.5
0.869,251.3
0.869,243.2
0.869,310.7
0.869,244.2
0.87,252.5
0.87,243.1
0.871,254.6
0.871,238.6
0.871,249.6
0.871,239.2
0.871,228.8
0.871,258.1
0.872,216.6
0.872,262.8
0.872,250.4
0.872,252.9
0.872,242.9
0.872,262.3
0.872,259.8
0.873,234.6
0.873,248.4
0.873,263.8
0.873,246.0
0.873,249.5
0.873,273.0
0.873,301.7
0.873,235.6
0.874,244.9
0.874,261.8
0.874,259.2
0.874,258.2
0.875,252.9
0.875,251.6
0.875,251.7
0.875,252.6
0.876,242.5
0.876,257.3
0.876,240.8
0.876,230.7
0.877,240.6
0.877,240.5
0.877,258.5
0.878,260.1
0.878,266.5
0.878,243.1
0.878,246.3
0.878,245.9
0.878,266.6
0.878,232.4
0.878,248.0
0.879,266.4
0.879,253.4
0.879,253.9
0.879,255.7
0.879,242.5
0.879,242.3
0.88,260.0
0.881,269.0
0.881,254.1
0.881,251.7
0.881,241.7
0.882,251.5
0.882,254.1
0.883,253.1
0.883,254.5
0.884,232.2
0.884,198.4
0.884,255.5
0.884,249.3
0.884,249.5
0.884,251.4
0.884,261.8
0.884,253.7
0.884,253.9
0.885,261.9
0.885,263.9
0.885,239.9
0.886,254.7
0.886,259.5
0.886,232.7
0.886,232.1
0.886,257.3
0.887,257.4
0.887,252.7
0.887,256.1
0.887,251.1
0.888,250.1
0.888,237.8
0.889,254.2
0.889,259.4
0.889,263.3
0.889,257.8
0.889,255.5
0.89,253.3
0.89,236.4
0.89,286.0
0.89,248.0
0.89,264.3
0.89,248.1
0.89,240.8
0.89,242.7
0.89,251.4
0.891,264.8
0.891,242.1
0.892,250.0
0.892,247.0
0.892,248.5
0.892,249.4
0.892,243.1
0.892,243.9
0.892,245.6
0.893,262.6
0.893,261.9
0.893,263.6
0.893,270.3
0.893,260.2
0.893,260.8
0.894,258.0
0.894,257.9
0.894,252.1
0.894,245.7
0.894,250.5
0.895,263.4
0.895,255.7
0.895,235.0
0.895,252.9
0.895,268.1
0.896,253.6
0.896,270.0
0.896,256.9
0.896,241.2
0.897,255.7
0.897,251.8
0.897,253.0
0.897,247.3
0.898,248.9
0.898,260.4
0.898,269.5
0.898,258.9
0.898,249.9
0.898,183.5
0.899,255.2
0.899,260.6
0.899,253.3
0.899,250.1
0.899,259.6
0.899,241.4
0.9,260.2
0.9,261.9
0.901,246.0
0.901,266.6
0.902,266.8
0.902,248.1
0.902,268.6
0.902,266.1
0.902,275.0
0.902,252.8
0.902,263.5
0.902,256.0
0.903,285.7
0.903,225.7
0.903,256.7
0.903,239.9
0.903,267.7
0.904,307.4
0.904,259.5
0.904,262.4
0.904,254.4
0.904,275.3
0.905,269.8
0.905,265.5
0.905,266.7
0.905,277.5
0.905,247.5
0.906,250.1
0.906,246.9
0.906,272.0
0.906,258.0
0.906,267.0
0.906,240.8
0.906,261.5
0.906,265.6
0.907,253.3
0.907,280.2
0.907,255.2
0.908,243.3
0.908,254.5
0.908,254.9
0.908,258.8
0.909,254.6
0.909,259.2
0.909,268.4
0.91,260.3
0.911,278.2
0.911,259.5
0.911,257.0
0.911,251.5
0.911,254.6
0.911,253.4
0.911,247.1
0.912,242.4
0.912,264.9
0.912,262.0
0.912,257.3
0.912,263.4
0.912,246.0
0.912,255.8
0.913,256.1
0.913,268.9
0.913,252.8
0.914,245.9
0.914,261.4
0.914,267.0
0.914,262.3
0.915,257.7
0.915,246.1
0.915,257.1
0.915,248.5
0.915,255.0
0.915,267.8
0.915,250.4
0.915,266.9
0.916,250.0
0.916,261.9
0.916,260.9
0.917,241.5
0.917,253.1
0.917,245.3
0.917,261.8
0.917,254.6
0.917,247.0
0.917,252.1
0.917,233.3
0.918,244.4
0.918,269.4
0.918,245.6
0.918,252.7
0.919,246.2
0.919,279.3
0.92,271.4
0.92,254.0
0.92,251.8
0.92,253.9
0.92,264.1
0.92,259.2
0.92,283.6
0.921,256.1
0.921,269.8
0.921,244.3
0.921,245.8
0.922,261.1
0.922,258.4
0.922,258.3
0.922,263.4
0.922,255.4
0.923,243.1
0.923,254.1
0.923,265.4
0.923,264.2
0.923,265.6
0.923,265.4
0.923,269.8
0.924,267.2
0.924,255.1
0.924,254.2
0.924,266.9
0.924,256.8
0.925,258.7
0.925,263.8
0.925,256.3
0.925,267.0
0.925,268.3
0.926,259.0
0.926,270.1
0.926,235.4
0.926,269.9
0.926,254.1
0.927,255.3
0.927,244.0
0.927,256.1
0.928,266.8
0.929,264.0
0.929,251.6
0.929,252.0
0.929,255.7
0.929,245.3
0.929,252.5
0.93,257.1
0.93,271.9
0.93,266.8
0.93,240.6
0.93,249.1
0.931,251.5
0.931,265.8
0.931,255.6
0.932,271.8
0.932,265.9
0.932,245.7
0.933,260.2
0.933,239.2
0.933,264.2
0.933,253.7
0.933,256.1
0.933,267.6
0.933,260.3
0.934,266.9
0.934,236.6
0.934,267.9
0.934,264.5
0.934,267.0
0.934,263.4
0.934,259.5
0.935,261.0
0.935,258.3
0.935,245.5
0.935,269.2
0.935,258.5
0.936,264.8
0.936,258.8
0.936,275.2
0.936,260.4
0.936,259.5
0.937,247.2
0.937,259.1
0.937,266.5
0.938,254.9
0.938,248.8
0.938,253.3
0.938,258.2
0.938,240.4
0.939,269.4
0.939,279.2
0.939,252.1
0.939,260.7
0.939,270.7
0.939,265.5
0.939,255.3
0.939,275.2
0.94,287.4
0.94,284.2
0.94,258.9
0.94,262.9
0.941,253.2
0.941,271.0
0.941,259.5
0.941,237.1
0.942,319.7
0.942,276.0
0.942,264.7
0.942,287.7
0.942,253.4
0.942,272.2
0.942,254.5
0.942,274.6
0.943,253.8
0.943,250.1
0.943,259.0
0.944,248.2
0.944,242.1
0.944,268.2
0.945,256.2
0.945,256.0
0.945,260.4
0.945,249.4
0.946,262.1
0.946,267.3
0.947,263.0
0.947,265.8
0.947,264.1
0.947,242.4
0.948,269.4
0.948,245.7
0.948,262.3
0.948,281.5
0.948,250.8
0.948,265.0
0.948,260.7
0.949,279.4
0.949,255.8
0.949,243.6
0.949,264.5
0.949,277.2
0.949,249.8
0.949,272.5
0.949,272.1
0.949,271.9
0.949,255.6
0.95,250.1
0.95,285.3
0.95,260.0
0.95,261.1
0.95,259.1
0.95,269.7
0.95,267.3
0.951,262.4
0.951,272.4
0.951,257.4
0.951,267.4
0.951,245.5
0.951,254.4
0.952,258.4
0.952,252.6
0.952,275.1
0.952,243.1
0.952,270.8
0.952,244.2
0.952,288.1
0.952,259.8
0.952,265.1
0.953,276.6
0.953,251.9
0.953,267.2
0.953,251.4
0.954,256.9
0.954,265.8
0.954,265.2
0.954,252.5
0.954,248.4
0.955,252.7
0.955,257.6
0.955,255.1
0.955,262.1
0.955,269.5
0.955,277.9
0.955,254.8
0.956,262.0
0.956,265.9
0.956,264.1
0.956,261.9
0.956,249.6
0.956,252.3
0.956,241.3
0.956,259.0
0.957,268.2
0.959,269.3
0.959,267.8
0.959,269.7
0.959,269.5
0.959,273.2
0.96,279.9
0.961,273.0
0.961,244.6
0.961,265.8
0.961,254.1
0.961,284.0
0.961,266.1
0.961,256.7
0.961,261.9
0.962,258.1
0.962,260.1
0.962,263.2
0.962,272.7
0.962,279.5
0.962,278.8
0.962,276.7
0.963,259.9
0.963,267.0
0.963,264.8
0.963,250.9
0.964,267.2
0.964,261.1
0.964,282.6
0.964,269.8
0.964,261.8
0.964,256.6
0.964,268.0
0.965,261.0
0.965,254.6
0.965,260.9
0.965,255.8
0.965,259.4
0.966,258.8
0.966,254.6
0.966,263.2
0.967,281.7
0.967,262.1
0.968,274.3
0.968,275.2
0.968,258.2
0.968,269.0
0.968,260.1
0.968,264.2
0.969,264.6
0.969,258.1
0.969,280.6
0.969,270.2
0.97,260.5
0.97,275.3
0.97,257.5
0.97,257.7
0.97,278.8
0.971,280.2
0.971,268.9
0.971,286.1
0.971,268.1
0.971,272.7
0.971,272.8
0.971,267.4
0.971,255.0
0.972,263.2
0.972,268.9
0.972,268.8
0.972,246.1
0.972,260.6
0.972,280.9
0.972,270.6
0.973,255.4
0.973,269.0
0.973,261.9
0.973,267.6
0.973,278.0
0.973,258.2
0.973,283.2
0.973,284.9
0.973,255.4
0.974,288.4
0.974,254.4
0.975,279.1
0.975,245.5
0.975,263.4
0.975,253.3
0.975,258.0
0.975,265.3
0.975,265.9
0.976,276.7
0.976,258.3
0.977,274.2
0.977,265.0
0.977,256.8
0.977,283.0
0.977,291.1
0.977,279.0
0.977,268.1
0.977,275.1
0.977,279.6
0.977,287.1
0.977,273.1
0.978,271.1
0.978,272.1
0.978,268.9
0.978,255.2
0.978,277.6
0.978,239.5
0.978,272.4
0.979,273.3
0.979,280.7
0.979,240.5
0.979,272.4
0.979,257.4
0.979,278.9
0.98,260.4
0.98,278.1
0.98,264.7
0.981,267.0
0.981,286.0
0.981,257.3
0.981,279.8
0.981,262.9
0.981,279.7
0.981,268.7
0.982,247.7
0.982,264.3
0.982,277.1
0.982,274.3
0.982,288.7
0.982,263.6
0.982,268.4
0.983,265.3
0.983,265.4
0.983,270.4
0.983,260.2
0.983,259.0
0.983,262.1
0.984,257.2
0.984,272.7
0.984,271.9
0.984,267.1
0.985,252.2
0.985,260.6
0.986,283.4
0.986,273.3
0.986,266.4
0.986,286.7
0.986,278.2
0.987,259.9
0.987,275.3
0.987,263.0
0.987,271.8
0.987,245.0
0.987,282.7
0.987,286.2
0.988,243.8
0.988,265.4
0.988,283.8
0.988,272.8
0.988,274.9
0.988,249.3
0.989,271.4
0.989,267.7
0.989,276.7
0.989,245.2
0.989,260.1
0.989,262.3
0.989,266.1
0.99,272.6
0.99,269.8
0.99,277.6
0.99,256.2
0.991,251.3
0.991,256.3
0.991,267.3
0.991,261.6
0.991,273.5
0.991,262.0
0.991,268.1
0.992,261.7
0.992,282.6
0.992,259.8
0.992,252.2
0.993,276.9
0.993,242.4
0.993,259.7
0.993,265.8
0.993,261.2
0.993,263.5
0.993,253.9
0.993,272.0
0.994,272.0
0.994,305.5
0.994,243.6
0.995,277.6
0.995,255.9
0.995,266.4
0.995,258.6
0.995,279.0
0.996,275.3
0.996,286.5
0.996,267.5
0.996,276.9
0.996,251.9
0.997,267.6
0.997,237.0
0.997,261.3
0.997,280.4
0.997,260.9
0.997,266.6
0.997,235.7
0.998,263.6
0.998,274.7
0.998,268.7
0.998,273.1
0.998,282.0
0.999,242.8
0.999,259.6
0.999,262.8
0.999,270.1
0.999,289.8
1.0,269.0
1.0,289.2
1.0,260.2
1.0,280.9
1.0,263.5
1.0,253.4
1.001,245.3
1.001,285.3
1.001,250.7
1.001,274.5
1.001,263.5
1.001,270.3
1.001,270.5
1.001,272.4
1.001,283.4
1.001,279.4
1.001,266.8
1.002,251.8
1.002,263.0
1.002,250.5
1.003,270.0
1.003,263.9
1.003,265.6
1.003,267.5
1.003,280.9
1.003,254.7
1.003,269.4
1.004,272.5
1.004,262.7
1.004,297.7
1.004,282.6
1.004,277.3
1.004,288.2
1.004,267.5
1.005,255.9
1.005,277.8
1.005,282.3
1.005,269.1
1.006,263.5
1.006,274.0
1.006,268.8
1.007,269.0
1.007,256.2
1.008,242.5
1.008,269.7
1.008,278.4
1.008,246.0
1.009,269.1
1.009,279.4
1.009,294.4
1.01,274.3
1.01,266.6
1.01,270.4
1.01,269.0
1.01,284.6
1.01,285.5
1.011,265.8
1.011,270.5
1.012,260.6
1.012,270.4
1.012,275.7
1.013,287.3
1.013,251.4
1.013,274.7
1.013,256.1
1.013,273.0
1.013,256.3
1.013,296.6
1.013,267.5
1.013,288.9
1.013,254.5
1.014,268.8
1.014,273.6
1.014,276.2
1.014,275.1
1.014,274.8
1.014,273.0
1.015,287.4
1.015,256.2
1.015,246.4
1.015,264.5
1.015,266.2
1.016,275.1
1.016,249.6
1.016,262.6
1.016,282.8
1.017,285.6
1.017,249.1
1.017,260.7
1.017,284.8
1.017,289.5
1.019,265.0
1.019,264.6
1.019,273.7
1.019,270.1
1.02,254.5
1.02,277.2
1.02,277.6
1.02,269.0
1.02,283.6
1.021,258.0
1.021,284.6
1.021,275.8
1.021,272.4
1.021,257.2
1.021,285.2
1.021,275.3
1.022,284.0
1.022,242.9
1.022,281.8
1.022,285.9
1.022,273.7
1.022,261.1
1.023,272.8
1.023,264.6
1.023,271.0
1.024,257.6
1.024,286.0
1.024,278.7
1.024,295.4
1.025,274.6
1.025,263.7
1.025,272.3
1.025,292.2
1.025,256.2
1.025,282.2
1.026,280.5
1.026,245.9
1.026,251.6
1.026,266.4
1.026,268.4
1.026,288.2
1.027,275.0
1.027,283.5
1.027,280.2
1.027,274.8
1.027,275.6
1.027,268.9
1.027,284.2
1.028,263.2
1.028,260.3
1.028,269.5
1.028,271.3
1.028,279.2
1.028,265.0
1.029,268.6
1.029,267.9
1.029,266.8
1.029,262.2
1.029,275.3
1.029,305.0
1.029,277.5
1.029,272.6
1.03,276.1
1.03,295.2
1.031,280.3
1.031,288.8
1.031,284.6
1.031,279.5
1.031,289.5
1.032,284.4
1.033,250.0
1.033,264.2
1.033,282.5
1.034,277.0
1.034,272.1
1.034,257.1
1.034,283.6
1.034,273.0
1.034,292.2
1.034,241.4
1.034,269.7
1.034,288.3
1.034,242.6
1.035,331.6
1.035,277.4
1.035,260.1
1.035,289.5
1.036,261.0
1.036,280.9
1.036,281.7
1.037,265.0
1.037,263.6
1.038,260.7
1.038,287.6
1.038,274.2
1.038,241.8
1.038,279.7
1.038,276.2
1.038,282.7
1.039,260.2
1.039,273.3
1.039,263.8
1.039,283.8
1.039,249.4
1.039,263.1
1.039,270.2
1.039,272.6
1.04,275.1
1.04,284.3
1.04,284.2
1.04,280.8
1.04,266.8
1.04,270.5
1.04,282.6
1.041,277.3
1.041,288.2
1.041,283.7
1.042,277.7
1.042,280.4
1.043,292.8
1.043,262.2
1.044,277.7
1.045,288.8
1.045,264.5
1.045,297.8
1.045,283.8
1.045,284.3
1.045,299.9
1.046,262.0
1.046,291.1
1.046,290.1
1.046,272.8
1.046,269.8
1.046,252.5
1.047,266.0
1.047,278.4
1.047,271.0
1.048,305.6
1.048,294.5
1.048,271.4
1.048,295.8
1.048,275.4
1.049,273.6
1.049,280.6
1.049,279.2
1.049,259.8
1.049,282.9
1.049,279.6
1.049,281.6
1.05,276.1
1.05,275.7
1.05,258.1
1.05,262.5
1.051,278.8
1.051,266.1
1.051,290.1
1.051,243.1
1.052,271.6
1.052,282.5
1.052,263.5
1.052,304.6
1.052,256.7
1.052,273.7
1.052,285.8
1.053,279.3
1.053,290.1
1.053,291.5
1.053,265.7
1.053,290.1
1.054,264.5
1.054,271.1
1.054,256.4
1.054,269.9
1.054,281.9
1.055,258.7
1.055,201.5
1.055,277.4
1.055,285.0
1.056,284.4
1.056,280.0
1.056,280.2
1.056,270.8
1.056,298.4
1.057,287.5
1.057,290.6
1.057,293.8
1.057,288.7
1.057,263.0
1.057,276.8
1.057,274.8
1.058,265.6
1.058,282.3
1.058,279.1
1.058,282.6
1.058,306.0
1.058,266.4
1.058,273.1
1.058,272.5
1.058,281.0
1.058,277.7
1.059,278.0
1.059,254.5
1.059,271.1
1.059,287.2
1.059,285.0
1.059,305.2
1.059,277.2
1.06,290.7
1.06,288.2
1.06,266.7
1.06,278.3
1.06,272.2
1.06,276.9
1.061,272.1
1.061,294.3
1.061,259.2
1.061,282.0
1.061,277.5
1.062,279.5
1.062,272.3
1.062,283.7
1.062,224.5
1.062,279.6
1.063,257.0
1.063,297.0
1.063,299.4
1.063,278.2
1.063,282.2
1.063,301.2
1.063,281.7
1.064,288.9
1.064,274.6
1.064,288.3
1.065,265.5
1.065,262.7
1.065,289.3
1.065,325.3
1.066,293.6
1.066,290.0
1.066,273.5
1.067,287.0
1.067,286.9
1.067,286.9
1.067,286.7
1.067,276.5
1.068,299.6
1.068,279.8
1.069,295.8
1.069,273.5
1.069,278.8
1.069,271.0
1.07,261.7
1.07,263.5
1.071,262.0
1.071,287.9
1.071,273.5
1.071,283.0
1.071,293.0
1.071,275.7
1.071,303.5
1.072,264.6
1.072,284.7
1.073,261.6
1.073,280.6
1.073,264.1
1.073,293.9
1.073,271.6
1.073,279.4
1.074,337.5
1.074,287.2
1.074,271.6
1.075,292.5
1.075,263.6
1.075,277.8
1.075,296.6
1.075,267.1
1.076,271.7
1.076,281.6
1.076,282.5
1.077,279.4
1.077,267.6
1.077,277.2
1.077,295.9
1.077,275.4
1.078,280.1
1.078,285.4
1.078,288.5
1.078,279.4
1.079,275.6
1.079,303.1
1.079,292.7
1.079,286.0
1.079,283.1
1.08,261.5
1.08,270.2
1.081,284.0
1.081,276.8
1.082,300.7
1.082,284.3
1.082,272.3
1.082,276.3
1.082,285.8
1.083,286.1
1.083,264.7
1.083,305.9
1.083,275.6
1.083,271.1
1.083,271.9
1.083,293.8
1.083,291.7
1.084,285.1
1.084,291.0
1.084,277.8
1.085,261.5
1.085,277.8
1.085,287.3
1.085,286.0
1.085,280.1
1.085,293.9
1.085,285.9
1.086,296.0
1.086,295.0
1.086,262.0
1.086,278.2
1.087,284.5
1.087,285.9
1.087,278.2
1.087,272.6
1.088,296.1
1.088,266.2
1.088,282.8
1.089,269.3
1.089,280.2
1.089,265.5
1.089,278.1
1.089,280.6
1.09,280.7
1.09,295.3
1.09,254.6
1.09,291.3
1.091,259.9
1.091,248.4
1.091,291.6
1.091,284.9
1.091,278.5
1.092,282.5
1.092,287.5
1.092,275.7
1.093,264.4
1.093,281.5
1.093,269.3
1.093,306.1
1.093,269.6
1.094,271.4
1.094,285.4
1.094,289.4
1.094,285.4
1.095,296.0
1.095,276.7
1.095,288.4
1.095,283.8
1.097,277.5
1.097,283.4
1.097,299.5
1.097,281.3
1.097,271.0
1.097,275.3
1.097,273.0
1.098,293.0
1.098,284.6
1.098,292.2
1.098,289.3
1.098,283.5
1.098,270.3
1.098,281.1
1.098,294.5
1.098,296.3
1.099,293.6
1.099,268.1
1.099,279.1
1.1,269.2
1.1,278.4
1.1,296.9
1.1,290.6
1.101,278.6
1.102,290.0
1.102,276.0
1.102,275.6
1.102,276.8
1.102,288.5
1.103,285.6
1.103,299.1
1.104,339.1
1.104,303.1
1.104,283.9
1.104,291.5
1.105,278.1
1.105,259.7
1.105,275.3
1.105,293.9
1.106,291.0
1.106,262.7
1.106,298.4
1.106,314.2
1.106,266.3
1.106,289.1
1.106,285.7
1.106,279.0
1.107,302.2
1.107,255.3
1.107,305.2
1.107,288.3
1.108,276.7
1.108,285.2
1.108,296.3
1.109,289.1
1.109,302.4
1.109,271.1
1.109,275.8
1.11,303.9
1.11,258.8
1.111,265.4
1.111,277.2
1.111,284.8
1.111,288.4
1.112,289.5
1.112,293.0
1.112,282.9
1.113,279.2
1.113,286.0
1.114,301.3
1.114,280.6
1.114,284.0
1.115,305.5
1.115,295.2
1.115,286.7
1.115,289.3
1.115,307.5
1.115,282.9
1.116,288.5
1.116,270.2
1.117,294.4
1.117,279.9
1.117,287.7
1.117,282.9
1.117,280.3
1.117,284.8
1.118,298.4
1.118,294.8
1.118,299.4
1.118,292.5
1.118,275.0
1.118,272.2
1.119,298.4
1.119,288.2
1.119,288.6
1.119,282.7
1.12,296.9
1.12,285.5
1.12,275.3
1.12,278.3
1.12,277.6
1.121,283.0
1.121,297.9
1.121,273.5
1.122,284.2
1.122,289.1
1.122,285.1
1.122,265.5
1.122,303.0
1.123,305.4
1.123,291.1
1.123,301.3
1.123,280.5
1.123,306.3
1.123,262.4
1.123,281.7
1.124,259.9
1.124,291.2
1.124,289.0
1.125,265.4
1.125,286.7
1.125,312.8
1.126,297.4
1.126,276.5
1.126,278.3
1.126,283.9
1.126,273.5
1.127,295.3
1.127,284.8
1.128,294.5
1.128,306.0
1.128,251.4
1.128,282.4
1.129,291.9
1.129,268.5
1.129,299.6
1.129,281.9
1.129,297.4
1.129,286.4
1.13,295.0
1.13,267.2
1.13,295.9
1.13,281.0
1.13,292.4
1.131,280.1
1.131,299.8
1.131,297.8
1.132,286.7
1.132,280.4
1.132,296.1
1.132,269.3
1.133,306.6
1.133,286.1
1.133,287.5
1.134,284.2
1.134,275.1
1.134,293.1
1.134,300.5
1.134,303.1
1.135,313.0
1.135,302.7
1.135,285.3
1.135,280.3
1.135,300.2
1.136,318.3
1.136,278.1
1.137,281.6
1.137,288.0
1.137,300.2
1.137,296.2
1.138,273.8
1.138,287.2
1.138,293.7
1.139,279.4
1.139,294.7
1.139,292.7
1.139,304.5
1.139,308.0
1.139,294.0
1.14,299.4
1.14,286.3
1.141,273.6
1.141,286.5
1.141,309.5
1.142,298.4
1.142,302.7
1.142,285.7
1.142,305.1
1.142,300.9
1.143,271.6
1.143,302.6
1.143,323.3
1.144,285.0
1.144,282.1
1.144,299.1
1.144,309.4
1.145,299.8
1.145,292.1
1.146,308.3
1.147,302.2
1.147,284.2
1.147,280.5
1.148,304.2
1.148,292.3
1.148,266.0
1.149,289.2
1.149,284.7
1.149,298.7
1.149,299.1
1.149,294.3
1.149,290.5
1.15,267.0
1.15,308.0
1.15,295.8
1.151,274.5
1.151,292.0
1.151,302.6
1.151,292.5
1.151,285.4
1.152,282.2
1.152,282.4
1.152,302.2
1.152,283.0
1.152,275.7
1.153,295.3
1.153,277.1
1.153,273.5
1.153,285.7
1.154,267.2
1.154,279.1
1.154,308.6
1.154,307.4
1.154,298.1
1.154,292.6
1.154,285.6
1.154,291.1
1.154,289.0
1.155,282.9
1.155,288.4
1.155,308.6
1.155,297.3
1.155,309.4
1.156,291.1
1.156,317.0
1.156,282.4
1.156,276.8
1.157,291.5
1.157,282.2
1.157,281.1
1.157,309.8
1.157,291.0
1.157,293.0
1.157,288.1
1.158,260.3
1.158,235.5
1.158,297.7
1.158,305.0
1.159,306.0
1.159,306.1
1.16,296.5
1.16,295.5
1.16,315.6
1.16,289.2
1.161,287.1
1.161,250.7
1.161,268.9
1.161,284.5
1.162,303.2
1.162,314.6
1.162,286.6
1.163,317.8
1.164,316.1
1.164,299.8
1.164,302.7
1.164,322.3
1.164,300.4
1.165,298.8
1.165,281.9
1.165,310.2
1.165,299.7
1.165,275.8
1.165,289.1
1.166,284.2
1.166,294.5
1.166,310.3
1.166,294.1
1.166,284.2
1.166,302.9
1.167,272.5
1.167,310.6
1.167,294.9
1.167,286.7
1.167,281.8
1.167,321.5
1.168,329.0
1.168,284.4
1.168,286.7
1.168,294.3
1.169,302.5
1.169,303.2
1.169,293.3
1.169,308.3
1.169,290.4
1.169,280.3
1.169,290.6
1.169,288.8
1.169,268.2
1.169,297.8
1.169,298.8
1.169,302.4
1.17,275.5
1.17,312.0
1.17,310.3
1.17,275.0
1.17,306.7
1.17,286.3
1.171,276.2
1.171,320.2
1.171,293.1
1.171,287.7
1.172,318.0
1.172,285.3
1.172,314.6
1.172,290.1
1.172,308.7
1.172,216.9
1.172,297.5
1.173,314.9
1.173,312.6
1.174,302.4
1.174,287.4
1.174,294.9
1.174,300.3
1.174,283.4
1.174,292.1
1.175,303.9
1.175,293.6
1.175,298.6
1.176,309.3
1.176,302.5
1.177,298.4
1.177,271.7
1.177,288.0
1.177,290.3
1.177,295.4
1.177,275.6
1.177,319.8
1.178,292.2
1.178,288.4
1.178,290.3
1.178,302.7
1.179,324.3
1.179,291.3
1.179,299.6
1.179,315.1
1.179,300.1
1.18,266.9
1.18,295.2
1.18,293.9
1.18,287.6
1.18,303.0
1.181,300.0
1.181,287.3
1.181,326.1
1.181,294.2
1.181,285.9
1.181,281.7
1.182,298.7
1.182,293.2
1.182,304.0
1.183,292.6
1.183,305.6
1.183,307.4
1.183,258.1
1.184,298.5
1.184,273.2
1.184,300.8
1.185,302.7
1.185,289.2
1.186,300.7
1.186,316.9
1.186,312.2
1.187,294.7
1.188,294.8
1.188,283.8
1.188,287.9
1.189,316.0
1.189,294.1
1.189,299.9
1.189,308.2
1.189,302.9
1.189,305.9
1.19,283.3
1.19,329.5
1.19,297.3
1.19,286.6
1.19,284.4
1.19,286.8
1.19,283.8
1.19,312.0
1.191,295.7
1.191,305.5
1.192,309.2
1.192,271.7
1.192,305.2
1.192,309.7
1.192,294.1
1.193,302.7
1.193,320.7
1.193,309.2
1.193,289.2
1.193,326.5
1.193,295.6
1.194,287.6
1.194,285.6
1.194,320.1
1.194,276.9
1.194,292.2
1.195,315.5
1.195,284.8
1.195,310.3
1.195,287.8
1.195,311.4
1.196,296.4
1.196,301.2
1.196,309.9
1.197,306.0
1.197,294.0
1.197,305.6
1.198,306.8
1.198,292.8
1.198,280.8
1.198,295.3
1.199,325.3
1.199,303.6
1.199,285.1
1.2,293.2
1.2,301.6
1.2,301.4
1.2,316.1
1.2,324.0
1.2,270.9
1.201,281.1
1.201,311.1
1.202,301.6
1.202,296.2
1.202,308.6
1.202,296.5
1.202,304.4
1.202,286.4
1.202,277.1
1.203,315.3
1.203,283.9
1.203,268.4
1.204,295.1
1.204,312.6
1.204,301.0
1.205,292.7
1.205,311.1
1.205,321.1
1.205,315.3
1.206,285.8
1.206,323.3
1.207,307.0
1.207,285.5
1.208,297.4
1.208,279.0
1.208,292.2
1.208,302.0
1.209,284.8
1.209,277.2
1.209,296.7
1.209,286.2
1.209,310.0
1.21,290.9
1.21,277.2
1.21,288.7
1.21,289.8
1.211,296.4
1.211,312.2
1.212,302.8
1.213,294.1
1.214,278.9
1.215,289.0
1.215,308.9
1.215,307.7
1.215,296.7
1.216,301.2
1.216,268.0
1.216,328.7
1.216,306.4
1.217,288.0
1.218,305.6
1.218,324.1
1.218,297.4
1.218,296.1
1.218,319.2
1.219,312.2
1.219,292.3
1.219,311.9
1.219,303.9
1.22,288.3
1.22,313.3
1.22,278.7
1.221,320.8
1.221,301.3
1.221,309.9
1.221,286.1
1.221,304.8
1.222,318.5
1.223,308.2
1.224,286.9
1.224,297.9
1.224,293.6
1.225,296.1
1.225,273.8
1.225,272.1
1.226,308.0
1.226,322.7
1.226,312.6
1.226,328.4
1.227,296.3
1.227,303.8
1.227,314.9
1.228,299.7
1.228,305.0
1.228,298.7
1.228,319.8
1.229,309.6
1.229,290.4
1.229,308.1
1.229,310.3
1.23,298.9
1.23,320.4
1.23,309.8
1.231,280.6
1.231,304.7
1.231,296.0
1.231,320.1
1.232,276.8
1.232,316.0
1.232,305.6
1.232,273.3
1.232,280.9
1.233,282.9
1.233,336.5
1.233,292.2
1.233,328.9
1.233,300.6
1.234,332.7
1.234,312.1
1.235,316.2
1.235,311.5
1.235,301.7
1.235,336.0
1.236,319.1
1.236,327.9
1.237,288.8
1.237,309.1
1.237,300.3
1.237,302.4
1.238,325.2
1.238,320.3
1.238,310.0
1.239,312.5
1.239,323.8
1.239,340.2
1.239,297.4
1.24,294.5
1.24,295.9
1.24,328.6
1.24,325.6
1.241,304.8
1.241,309.0
1.241,302.4
1.241,308.8
1.242,277.0
1.242,303.7
1.243,283.3
1.244,312.7
1.244,318.0
1.245,310.4
1.245,288.5
1.245,305.7
1.246,327.2
1.246,288.4
1.247,321.9
1.247,299.4
1.248,318.0
1.248,287.9
1.248,304.8
1.248,290.0
1.25,302.1
1.25,298.3
1.251,307.6
1.251,291.7
1.251,290.2
1.251,309.3
1.251,307.1
1.252,302.8
1.252,306.9
1.252,294.7
1.252,290.0
1.253,312.2
1.253,302.0
1.254,288.2
1.254,306.7
1.254,307.6
1.255,315.8
1.256,309.1
1.256,284.8
1.257,291.1
1.257,310.6
1.257,302.8
1.257,332.6
1.257,345.4
1.258,297.4
1.259,281.7
1.26,311.0
1.26,298.4
1.26,323.2
1.26,314.1
1.26,312.3
1.261,311.8
1.261,315.9
1.261,300.1
1.261,295.3
1.261,337.2
1.261,309.6
1.262,323.7
1.262,316.9
1.262,310.1
1.263,306.0
1.264,288.0
1.264,287.9
1.265,290.7
1.266,301.3
1.266,310.3
1.267,286.7
1.268,311.9
1.268,343.7
1.268,293.9
1.268,317.4
1.268,302.8
1.269,301.7
1.27,283.9
1.27,331.7
1.27,321.4
1.27,300.7
1.271,330.8
1.271,268.6
1.272,296.7
1.272,320.3
1.273,304.7
1.273,301.5
1.273,307.4
1.273,313.8
1.274,301.3
1.274,299.4
1.274,325.2
1.275,292.3
1.275,295.3
1.275,294.7
1.275,318.1
1.275,299.3
1.276,300.8
1.276,306.7
1.277,310.9
1.277,309.9
1.277,314.2
1.277,302.9
1.277,319.5
1.278,316.8
1.278,311.1
1.279,295.9
1.279,313.1
1.28,327.1
1.282,315.1
1.282,337.2
1.283,288.3
1.283,299.4
1.284,305.6
1.284,277.2
1.285,296.4
1.285,308.2
1.286,317.6
1.286,318.9
1.286,326.8
1.287,341.9
1.287,315.2
1.288,328.3
1.288,321.2
1.289,330.1
1.289,301.1
1.29,318.2
1.29,313.5
1.29,327.1
1.29,324.6
1.29,324.1
1.291,327.1
1.291,312.5
1.292,337.3
1.293,319.2
1.294,298.8
1.294,299.3
1.295,290.8
1.297,305.7
1.297,307.3
1.297,312.3
1.297,303.4
1.298,324.6
1.299,317.0
1.3,330.7
1.3,289.2
1.302,309.1
1.302,316.0
1.302,311.8
1.302,319.5
1.302,322.0
1.303,334.9
1.303,336.9
1.303,303.8
1.304,275.3
1.304,311.6
1.305,310.8
1.305,301.7
1.307,296.3
1.307,317.5
1.308,302.1
1.309,313.0
1.309,292.6
1.309,298.5
1.309,338.6
1.309,309.2
1.31,330.7
1.31,319.2
1.31,277.3
1.311,327.9
1.312,314.3
1.312,322.4
1.313,323.8
1.314,299.1
1.314,298.8
1.314,310.0
1.317,351.9
1.317,316.8
1.317,338.0
1.317,324.5
1.318,317.2
1.319,329.8
1.319,315.5
1.319,315.6
1.319,323.2
1.32,309.0
1.32,340.8
1.32,333.6
1.321,313.7
1.321,317.3
1.322,330.9
1.322,311.2
1.322,346.4
1.322,308.1
1.323,389.3
1.323,327.5
1.323,293.3
1.323,311.1
1.323,330.6
1.323,287.3
1.324,312.4
1.324,316.9
1.324,312.0
1.324,323.9
1.324,311.9
1.327,296.7
1.327,312.4
1.328,328.2
1.328,308.1
1.329,308.6
1.33,313.1
1.33,321.3
1.331,325.4
1.332,340.4
1.332,334.4
1.333,313.4
1.333,328.5
1.334,332.1
1.334,322.0
1.335,293.0
1.335,309.9
1.336,296.0
1.336,297.6
1.338,349.5
1.339,334.1
1.339,330.7
1.339,332.0
1.339,308.1
1.34,339.3
1.34,325.0
1.342,306.2
1.344,329.9
1.345,321.6
1.345,326.9
1.345,341.2
1.346,310.8
1.346,319.0
1.347,319.1
1.347,325.2
1.348,326.5
1.349,334.4
1.35,314.2
1.35,296.5
1.351,310.2
1.351,333.5
1.351,295.2
1.352,330.8
1.352,367.4
1.352,322.0
1.352,335.3
1.352,310.9
1.353,320.2
1.353,314.5
1.354,312.9
1.354,357.6
1.354,304.3
1.354,299.1
1.355,326.5
1.356,303.1
1.356,319.6
1.357,302.3
1.357,330.9
1.359,321.4
1.359,317.1
1.362,271.8
1.362,313.6
1.362,337.1
1.362,333.3
1.363,330.5
1.363,322.3
1.364,334.6
1.364,343.7
1.366,322.9
1.367,332.2
1.367,332.7
1.367,313.5
1.367,324.4
1.368,318.0
1.369,325.4
1.371,329.3
1.371,332.8
1.372,306.4
1.372,300.7
1.373,345.4
1.374,295.9
1.375,322.7
1.376,343.9
1.376,336.1
1.377,327.0
1.378,270.2
1.38,334.4
1.38,333.5
1.381,334.4
1.384,314.4
1.384,308.4
1.385,320.4
1.386,300.2
1.387,348.8
1.387,351.3
1.389,349.1
1.389,345.3
1.39,329.5
1.39,309.1
1.391,309.5
1.393,353.3
1.393,339.2
1.394,327.4
1.394,334.4
1.394,333.7
1.395,340.1
1.397,324.5
1.398,296.3
1.398,346.8
1.399,320.8
1.399,314.9
1.401,344.0
1.401,318.3
1.404,322.0
1.405,322.9
1.405,346.6
1.407,305.8
1.407,336.3
1.407,347.4
1.408,318.2
1.409,321.1
1.41,326.2
1.41,338.5
1.414,334.8
1.415,360.7
1.416,348.9
1.417,299.1
1.417,344.0
1.417,353.2
1.418,311.4
1.418,338.7
1.419,300.5
1.42,319.8
1.42,324.5
1.421,304.9
1.421,343.7
1.421,315.4
1.423,314.4
1.423,349.0
1.425,343.7
1.425,303.1
1.426,377.0
1.427,336.8
1.427,342.7
1.428,328.0
1.43,330.2
1.432,322.7
1.432,351.0
1.434,343.1
1.434,338.6
1.434,303.8
1.435,335.4
1.436,322.2
1.436,369.4
1.437,343.3
1.437,333.8
1.438,319.0
1.439,337.7
1.44,365.8
1.441,337.5
1.441,355.8
1.441,320.0
1.442,339.3
1.442,336.9
1.443,337.3
1.443,340.0
1.443,360.2
1.444,357.5
1.446,340.6
1.446,323.3
1.448,341.5
1.448,317.2
1.452,349.5
1.452,353.7
1.453,327.4
1.453,324.2
1.454,337.8
1.455,336.7
1.462,281.3
1.463,337.8
1.465,313.9
1.466,302.6
1.468,348.4
1.468,313.7
1.471,366.4
1.472,341.6
1.474,339.1
1.476,344.7
1.476,375.7
1.477,325.8
1.484,378.5
1.484,343.3
1.484,355.7
1.489,323.9
1.492,327.2
1.493,328.9
1.494,329.7
1.498,364.3
1.498,320.4
1.499,327.8
1.499,309.1
1.5,368.5
1.503,355.0
1.506,354.9
1.506,321.0
1.507,314.0
1.508,379.1
1.511,306.3
1.512,330.9
1.514,330.0
1.515,346.0
1.517,330.0
1.517,360.6
1.524,379.2
1.524,342.1
1.526,378.9
1.527,323.6
1.528,347.3
1.531,350.7
1.531,352.8
1.538,341.3
1.542,337.6
1.548,354.5
1.55,367.3
1.55,353.8
1.55,348.1
1.55,333.9
1.55,358.2
1.55,330.0
1.55,344.1
1.55,350.5
1.55,350.1
1.55,342.2
1.55,366.3
1.55,324.3
1.55,388.9
1.55,344.5
1.55,356.4
1.55,332.1
1.55,341.8
1.55,322.9
1.55,343.6
1.55,353.5
1.554,350.8
1.566,347.3
1.567,357.3
1.571,343.6
1.573,378.2
1.573,297.5
1.576,335.7
1.577,340.9
1.579,333.7
1.579,371.3
1.582,349.6
1.583,414.3
1.594,364.3
1.598,337.9
1.604,387.1
1.621,366.6
1.622,335.9
1.623,351.2
1.629,368.2
1.632,388.7
1.637,337.5
1.645,397.9
1.65,388.0
1.65,361.5
1.65,375.2
1.65,364.8
1.65,385.8
1.65,332.8
1.65,359.6
1.65,373.1
1.65,348.9
1.65,372.4
1.65,348.9
1.65,360.7
1.65,360.9
1.65,308.7
1.65,396.1
1.654,374.8
1.654,370.8
1.657,375.8
1.658,349.2
1.66,385.9
1.661,375.4
1.664,366.9
1.665,388.5
1.666,365.1
1.667,405.2
1.669,388.3
1.674,363.7
1.675,354.0
1.678,368.2
1.679,375.9
1.68,394.8
1.68,390.0
1.683,360.3
1.69,426.5
1.69,374.5
1.69,391.0
1.692,350.4
1.693,395.6
1.696,371.9
1.696,381.8
1.7,390.2
1.701,386.1
1.701,381.8
1.705,363.4
1.706,380.0
1.706,391.2
1.71,354.3
1.713,376.6
1.714,366.7
1.716,385.8
1.719,362.4
1.721,376.7
1.726,335.8
1.729,381.0
1.73,375.1
1.73,379.6
1.734,377.8
1.735,381.5
1.735,353.1
1.735,364.3
1.736,353.9
1.737,349.8
1.738,368.2
1.742,380.2
1.744,369.1
1.745,377.2
1.745,381.1
1.751,386.2
1.753,407.3
1.753,378.9
1.754,386.8
1.754,394.9
1.756,372.6
1.757,358.3
1.758,360.6
1.76,389.4
1.761,371.2
1.761,373.9
1.763,359.6
1.763,385.2
1.768,386.8
1.769,388.1
1.771,396.5
1.773,379.9
1.774,349.8
1.775,332.6
1.775,410.1
1.776,358.4
1.779,378.9
1.782,363.3
1.783,382.2
1.784,384.3
1.785,347.7
1.787,379.9
1.788,418.6
1.788,416.4
1.789,435.2
1.789,413.1
1.792,383.6
1.794,387.8
1.794,398.1
1.796,372.3
1.796,377.9
1.797,335.4
1.797,428.5
1.797,378.7
1.8,349.5
1.8,367.8
1.802,401.5
1.803,404.9
1.803,407.7
1.804,398.1
1.805,385.3
1.806,345.5
1.81,399.0
1.815,372.7
1.815,420.7
1.816,384.7
1.816,367.3
1.818,369.9
1.818,392.7
1.819,397.8
1.82,373.7
1.82,399.7
1.821,395.9
1.821,361.4
1.822,385.9
1.827,387.6
1.828,390.5
1.829,396.6
1.829,376.4
1.83,380.6
1.831,321.7
1.831,353.1
1.832,406.8
1.833,382.6
1.833,386.6
1.835,362.7
1.836,392.7
1.836,415.4
1.84,388.1
1.841,378.1
1.842,385.7
1.843,394.4
1.844,392.1
1.847,372.7
1.847,434.5
1.849,357.7
1.85,383.3
1.851,379.0
1.852,400.1
1.853,383.1
1.853,396.5
1.853,386.6
1.854,399.3
1.854,402.1
1.854,405.7
1.855,384.6
1.856,395.4
1.857,390.6
1.857,412.8
1.858,397.1
1.86,416.1
1.861,361.3
1.861,399.1
1.861,408.0
1.865,378.5
1.866,405.9
1.867,387.9
1.867,395.2
1.867,437.7
1.868,406.8
1.868,388.3
1.87,386.7
1.87,406.7
1.871,391.4
1.871,385.9
1.871,384.1
1.872,362.5
1.872,357.2
1.872,396.8
1.873,385.0
1.873,361.4
1.874,394.2
1.875,414.5
1.875,393.8
1.876,417.4
1.876,401.1
1.877,410.5
1.879,380.4
1.881,438.3
1.881,381.4
1.881,386.1
1.883,432.6
1.883,389.5
1.884,346.1
1.884,422.4
1.886,399.4
1.886,391.6
1.886,413.8
1.887,384.6
1.887,452.3
1.887,414.6
1.89,415.3
1.891,391.6
1.894,343.5
1.895,380.6
1.897,396.2
1.898,369.7
1.898,440.9
1.898,374.5
1.9,418.1
1.901,375.4
1.901,415.7
1.904,396.6
1.907,367.3
1.907,393.1
1.908,402.1
1.909,402.7
1.909,413.8
1.91,377.1
1.91,374.2
1.91,420.8
1.91,405.4
1.914,372.7
1.915,402.8
1.915,401.7
1.915,395.8
1.917,387.9
1.917,386.4
1.917,420.3
1.918,422.5
1.92,393.8
1.921,427.5
1.921,431.5
1.923,415.9
1.924,384.0
1.924,383.8
1.924,413.0
1.924,402.4
1.924,404.3
1.924,391.4
1.925,373.0
1.926,376.1
1.926,423.8
1.926,408.0
1.928,400.0
1.928,393.7
1.93,385.3
1.93,410.4
1.931,370.6
1.931,445.7
1.932,399.9
1.933,444.4
1.933,426.3
1.934,389.3
1.935,403.1
1.935,382.4
1.935,405.5
1.936,437.9
1.937,411.3
1.937,369.7
1.938,378.4
1.939,419.8
1.939,408.5
1.939,368.4
1.939,429.9
1.94,416.6
1.94,400.2
1.94,418.2
1.94,371.4
1.941,411.5
1.941,410.5
1.941,364.4
1.942,413.5
1.943,375.5
1.943,377.8
1.944,435.1
1.947,381.0
1.947,377.8
1.949,406.0
1.949,421.9
1.95,420.7
1.95,389.4
1.95,403.1
1.95,374.6
1.952,386.5
1.952,440.7
1.953,437.4
1.953,402.8
1.954,385.9
1.955,393.5
1.955,388.2
1.956,407.6
1.956,405.8
1.957,428.1
1.957,391.9
1.958,412.9
1.958,421.2
1.958,404.8
1.958,408.3
1.959,428.9
1.961,379.6
1.962,435.2
1.962,424.9
1.962,380.7
1.963,380.2
1.963,436.3
1.964,401.8
1.965,396.0
1.965,430.5
1.965,365.2
1.966,382.8
1.966,418.3
1.967,383.2
1.967,424.1
1.967,416.4
1.967,423.8
1.968,410.1
1.968,423.6
1.969,425.8
1.969,430.8
1.97,405.2
1.97,438.0
1.971,447.9
1.972,416.4
1.972,427.2
1.973,387.9
1.974,430.4
1.974,378.0
1.974,451.4
1.975,433.0
1.976,425.7
1.976,400.3
1.978,383.7
1.979,423.8
1.98,407.2
1.981,395.5
1.981,401.9
1.982,422.6
1.983,403.6
1.984,424.4
1.984,453.5
1.986,412.0
1.986,413.7
1.987,386.8
1.987,417.4
1.987,383.6
1.987,397.3
1.988,400.2
1.991,411.8
1.991,436.6
1.991,448.9
1.991,395.6
1.992,403.8
1.992,414.5
1.994,404.1
1.995,398.4
1.996,399.9
1.998,433.9
1.998,451.9
1.999,432.1
1.999,415.4
1.999,408.3
2.0,388.0
2.0,438.0
2.001,368.4
2.003,425.9
2.004,418.1
2.005,419.9
2.005,402.4
2.006,404.7
2.007,395.0
2.007,443.4
2.008,400.1
2.008,389.3
2.008,417.2
2.009,411.8
2.009,389.2
2.009,482.0
2.01,432.3
2.01,420.3
2.01,407.6
2.011,455.3
2.012,372.9
2.013,425.2
2.013,395.5
2.013,413.2
2.014,382.4
2.014,458.7
2.016,401.5
2.016,444.2
2.017,389.6
2.018,351.9
2.018,459.6
2.018,441.8
2.018,428.4
2.019,393.7
2.019,413.6
2.019,417.0
2.02,415.6
2.02,425.0
2.021,392.8
2.022,421.1
2.023,425.1
2.023,434.5
2.023,372.0
2.023,411.9
2.024,418.9
2.024,435.7
2.024,448.3
2.024,407.1
2.024,392.0
2.025,423.0
2.025,459.8
2.025,439.8
2.025,387.9
2.026,421.4
2.026,431.5
2.027,444.9
2.027,416.9
2.027,413.9
2.027,422.0
2.027,423.3
2.028,408.8
2.03,457.5
2.031,417.7
2.031,413.1
2.031,422.4
2.032,433.4
2.033,424.0
2.033,382.8
2.033,398.8
2.033,442.9
2.033,433.6
2.034,428.0
2.034,427.2
2.034,403.9
2.035,414.9
2.035,381.9
2.036,343.6
2.036,419.7
2.037,442.2
2.038,405.7
2.038,375.1
2.04,442.4
2.04,440.9
2.04,379.2
2.04,425.9
2.042,453.4
2.043,407.5
2.044,454.6
2.044,418.3
2.044,420.4
2.045,456.2
2.045,395.0
2.045,439.9
2.045,447.5
2.045,439.7
2.046,419.2
2.046,389.2
2.047,457.9
2.047,406.1
2.048,413.4
2.048,417.8
2.048,388.4
2.048,428.2
2.048,464.6
2.049,417.0
2.049,453.9
2.049,387.9
2.05,409.3
2.05,422.4
2.051,447.1
2.052,442.5
2.052,420.4
2.053,453.3
2.053,432.0
2.053,508.9
2.054,446.3
2.054,407.6
2.054,454.2
2.054,391.9
2.054,397.7
2.055,456.7
2.055,376.3
2.055,392.5
2.055,419.2
2.056,418.5
2.057,469.9
2.058,456.5
2.058,447.7
2.06,393.2
2.06,445.3
2.061,414.1
2.061,419.0
2.061,429.5
2.062,394.5
2.062,390.4
2.063,353.8
2.063,393.7
2.063,405.5
2.064,434.0
2.064,430.6
2.064,453.1
2.065,456.7
2.066,431.4
2.066,460.1
2.067,431.0
2.067,383.5
2.068,429.6
2.068,403.0
2.069,406.8
2.069,434.1
2.07,393.9
2.07,445.3
2.07,408.9
2.07,424.0
2.07,434.0
2.071,402.8
2.071,388.0
2.071,419.9
2.072,421.0
2.072,372.0
2.072,415.1
2.072,365.7
2.072,461.3
2.072,410.9
2.072,387.6
2.073,448.6
2.073,380.8
2.073,409.2
2.073,372.2
2.074,392.6
2.074,450.5
2.074,441.6
2.074,402.1
2.074,419.7
2.075,437.7
2.075,441.8
2.076,392.7
2.076,408.7
2.076,410.1
2.076,437.7
2.077,441.3
2.077,388.1
2.077,447.0
2.078,450.7
2.078,387.1
2.079,420.0
2.079,389.8
2.08,442.7
2.08,432.3
2.082,456.0
2.082,423.7
2.082,415.3
2.082,399.1
2.082,450.8
2.082,445.0
2.082,469.4
2.083,385.3
2.084,445.0
2.084,427.4
2.084,442.0
2.085,448.3
2.085,433.7
2.086,406.9
2.086,421.7
2.086,428.5
2.086,418.5
2.086,482.0
2.087,452.3
2.087,424.7
2.088,406.6
2.088,402.6
2.089,516.7
2.089,419.1
2.089,431.5
2.089,456.5
2.089,399.6
2.09,395.5
2.09,402.7
2.09,379.7
2.09,472.1
2.092,459.4
2.093,431.2
2.094,438.0
2.094,415.3
2.094,425.6
2.094,445.1
2.095,432.6
2.095,409.2
2.095,453.6
2.095,401.6
2.097,460.0
2.097,415.5
2.097,490.4
2.098,382.4
2.098,408.4
2.098,450.7
2.099,440.0
2.1,464.3
2.1,411.6
2.101,413.1
2.101,456.6
2.101,436.3
2.101,439.9
2.102,442.4
2.102,429.5
2.102,390.6
2.103,439.9
2.103,429.4
2.103,376.0
2.105,452.3
2.105,437.5
2.106,443.8
2.106,408.2
2.106,428.5
2.106,437.1
2.106,444.3
2.107,439.4
2.108,391.5
2.109,456.1
2.109,430.7
2.109,441.5
2.109,440.8
2.109,454.3
2.11,451.3
2.11,443.1
2.11,477.5
2.11,397.5
2.11,423.2
2.111,421.6
2.111,418.8
2.111,438.2
2.112,414.0
2.113,453.9
2.113,449.3
2.113,422.0
2.113,423.3
2.114,446.1
2.114,460.8
2.114,424.0
2.114,435.4
2.115,402.2
2.115,431.3
2.115,407.6
2.115,439.9
2.116,428.7
2.116,415.3
2.116,436.1
2.117,416.9
2.117,449.4
2.118,428.3
2.118,375.3
2.118,467.1
2.119,446.4
2.119,413.2
2.119,496.1
2.12,362.7
2.12,447.1
2.12,407.7
2.12,415.7
2.12,467.6
2.12,417.9
2.12,429.5
2.121,438.7
2.121,400.3
2.121,421.3
2.122,466.3
2.122,442.4
2.123,430.4
2.123,424.2
2.123,439.0
2.124,426.1
2.124,435.8
2.125,433.3
2.125,412.6
2.125,442.5
2.125,441.1
2.125,433.3
2.126,411.4
2.126,414.1
2.127,444.4
2.127,384.7
2.128,453.1
2.128,423.5
2.128,410.1
2.129,402.3
2.129,403.1
2.129,462.1
2.129,437.9
2.13,399.3
2.13,382.3
2.13,456.9
2.13,460.3
2.131,450.5
2.132,492.6
2.132,483.1
2.133,398.2
2.133,369.0
2.134,454.5
2.134,452.8
2.134,409.9
2.134,397.0
2.135,459.9
2.135,419.5
2.135,447.5
2.135,462.3
2.135,445.5
2.135,405.2
2.136,394.9
2.136,451.4
2.136,434.1
2.136,445.7
2.136,452.7
2.136,447.7
2.136,406.8
2.137,446.4
2.137,441.7
2.137,425.8
2.137,412.8
2.138,419.9
2.138,459.9
2.138,450.6
2.138,448.2
2.138,410.4
2.139,463.2
2.139,382.9
2.139,411.2
2.139,445.8
2.139,486.8
2.139,423.1
2.139,445.9
2.14,468.7
2.14,469.2
2.14,437.7
2.14,418.8
2.14,422.7
2.14,430.5
2.14,452.3
2.14,430.0
2.141,457.6
2.141,437.5
2.141,429.3
2.142,420.3
2.142,456.0
2.142,424.6
2.143,451.1
2.144,436.1
2.145,424.5
2.145,443.9
2.146,479.6
2.147,407.5
2.147,458.0
2.148,437.9
2.148,442.5
2.148,408.8
2.148,448.5
2.148,491.9
2.149,446.1
2.149,440.7
2.149,421.1
2.149,432.6
2.149,405.8
2.15,456.9
2.15,433.7
2.15,416.2
2.15,454.9
2.151,424.9
2.151,469.9
2.151,468.6
2.152,440.9
2.152,425.6
2.152,444.4
2.153,370.4
2.153,434.8
2.153,420.3
2.154,403.4
2.154,453.5
2.155,407.6
2.155,417.0
2.155,436.0
2.155,469.0
2.155,451.6
2.155,432.3
2.156,448.4
2.156,468.5
2.156,462.5
2.156,434.4
2.156,419.0
2.157,460.7
2.157,481.2
2.157,432.1
2.157,452.1
2.157,424.3
2.157,494.0
2.158,473.6
2.158,455.9
2.158,482.0
2.158,413.4
2.158,404.8
2.159,468.5
2.159,442.8
2.159,438.0
2.159,438.9
2.16,442.4
2.161,426.4
2.161,433.8
2.162,451.3
2.162,441.0
2.162,457.2
2.162,445.7
2.162,442.7
2.162,436.7
2.162,441.8
2.163,441.7
2.164,445.9
2.164,448.8
2.164,438.6
2.165,417.0
2.165,422.4
2.165,472.8
2.165,392.6
2.166,436.9
2.166,508.1
2.166,450.2
2.167,450.9
2.167,445.2
2.167,423.4
2.168,456.8
2.168,454.4
2.169,440.2
2.169,468.1
2.169,399.1
2.169,483.2
2.169,422.6
2.169,485.6
2.17,478.2
2.17,428.0
2.17,419.2
2.17,398.5
2.17,446.6
2.17,447.6
2.171,410.8
2.171,429.3
2.171,470.6
2.172,447.0
2.172,447.6
2.172,506.5
2.172,443.2
2.173,418.8
2.173,389.1
2.173,432.6
2.173,476.7
2.174,439.4
2.174,427.8
2.174,429.5
2.174,421.4
2.174,418.0
2.174,369.5
2.174,426.6
2.175,445.6
2.176,454.4
2.176,460.7
2.176,443.0
2.177,425.8
2.177,458.8
2.177,448.0
2.178,439.3
2.178,458.2
2.178,450.3
2.179,445.2
2.18,455.9
2.18,417.2
2.18,459.2
2.18,490.1
2.181,451.6
2.181,438.8
2.181,400.4
2.181,436.6
2.181,448.9
2.181,396.4
2.181,436.0
2.182,424.4
2.182,439.4
2.183,451.7
2.183,448.2
2.183,450.3
2.183,415.0
2.183,412.4
2.183,438.5
2.184,452.1
2.184,453.7
2.184,446.6
2.184,448.5
2.184,452.7
2.184,405.5
2.185,423.2
2.185,429.1
2.185,386.2
2.185,473.5
2.186,407.8
2.186,413.2
2.186,478.1
2.186,450.7
2.186,402.4
2.186,423.5
2.187,473.6
2.187,459.1
2.187,497.1
2.187,432.1
2.188,453.0
2.188,457.1
2.189,419.8
2.189,409.5
2.19,439.7
2.19,468.9
2.19,451.1
2.19,399.4
2.191,434.5
2.191,456.1
2.191,393.4
2.191,444.5
2.191,446.2
2.191,434.8
2.191,445.5
2.192,417.3
2.192,456.3
2.192,459.1
2.193,424.0
2.193,451.3
2.193,431.4
2.193,440.4
2.193,423.5
2.194,450.2
2.195,418.9
2.195,407.9
2.195,467.9
2.196,421.5
2.196,487.3
2.197,472.6
2.197,482.4
2.198,444.5
2.198,458.1
2.198,495.8
2.198,420.0
2.198,438.7
2.198,423.7
2.199,430.8
2.2,420.8
2.201,393.3
2.201,485.3
2.201,449.5
2.201,443.7
2.201,449.8
2.201,445.6
2.201,423.2
2.202,408.4
2.202,451.2
2.202,455.8
2.203,435.5
2.204,497.2
2.204,454.3
2.205,434.6
2.205,459.7
2.206,492.0
2.206,463.7
2.206,444.2
2.207,408.9
2.207,443.0
2.207,411.7
2.207,449.8
2.207,434.3
2.207,493.1
2.207,431.2
2.208,438.0
2.208,417.0
2.208,469.7
2.21,394.2
2.21,493.0
2.21,386.5
2.21,449.7
2.211,472.1
2.211,415.7
2.211,435.4
2.211,440.7
2.211,443.7
2.211,464.4
2.211,434.4
2.212,438.8
2.212,448.0
2.212,441.1
2.212,465.7
2.213,438.7
2.213,442.3
2.213,482.3
2.214,439.4
2.214,462.6
2.214,470.3
2.214,470.9
2.214,410.3
2.215,472.0
2.215,425.7
2.215,483.5
2.215,462.1
2.215,443.1
2.216,448.1
2.216,423.3
2.216,403.0
2.216,415.0
2.217,475.6
2.217,402.5
2.217,450.2
2.218,435.9
2.219,460.1
2.219,456.7
2.219,447.2
2.22,490.6
2.22,474.4
2.22,429.1
2.221,477.9
2.221,455.5
2.221,436.4
2.221,461.4
2.221,442.4
2.221,416.4
2.222,391.3
2.222,394.3
2.222,441.3
2.222,480.7
2.223,440.9
2.223,439.2
2.223,476.2
2.223,445.7
2.224,465.2
2.224,453.4
2.225,458.8
2.225,397.5
2.225,469.4
2.225,449.9
2.225,419.6
2.225,432.8
2.226,453.0
2.226,393.4
2.226,425.2
2.227,408.4
2.227,435.1
2.227,445.8
2.227,379.6
2.227,445.3
2.227,459.8
2.228,464.1
2.228,445.7
2.228,397.2
2.228,449.6
2.228,433.2
2.228,396.9
2.228,409.0
2.228,474.8
2.228,471.2
2.229,437.9
2.229,463.9
2.229,440.2
2.229,469.0
2.229,406.3
2.229,435.8
2.229,438.6
2.229,493.1
2.229,519.5
2.229,445.7
2.23,461.9
2.23,419.9
2.23,443.0
2.231,424.5
2.232,443.8
2.232,484.0
2.232,474.9
2.232,434.9
2.232,389.0
2.232,426.9
2.232,361.5
2.233,448.2
2.233,463.7
2.234,456.1
2.234,425.2
2.234,410.7
2.234,439.2
2.235,423.2
2.235,427.6
2.235,436.2
2.235,425.8
2.236,434.0
2.236,460.9
2.236,401.9
2.236,465.1
2.236,474.4
2.237,469.4
2.237,445.4
2.237,468.9
2.237,419.2
2.237,442.7
2.238,482.1
2.238,420.5
2.238,451.5
2.238,441.4
2.238,417.4
2.238,335.5
2.239,461.4
2.239,447.7
2.239,476.5
2.239,482.5
2.241,425.1
2.241,426.3
2.241,448.7
2.241,408.2
2.242,454.0
2.242,492.8
2.243,439.6
2.243,407.1
2.243,458.6
2.243,445.2
2.244,407.1
2.244,437.7
2.244,424.3
2.244,408.5
2.245,421.3
2.245,457.2
2.245,429.7
2.246,435.6
2.246,478.2
2.246,476.1
2.246,407.1
2.247,449.9
2.247,429.3
2.248,433.8
2.248,465.5
2.248,451.8
2.248,447.9
2.248,448.3
2.248,463.4
2.249,424.9
2.249,491.2
2.25,453.0
2.25,354.9
2.25,465.8
2.251,495.6
2.251,427.5
2.252,458.3
2.252,434.1
2.252,425.7
2.253,444.5
2.253,471.7
2.253,453.7
2.253,423.0
2.253,481.6
2.253,462.5
2.253,502.9
2.253,445.9
2.253,448.0
2.253,504.1
2.254,439.5
2.254,444.3
2.255,419.6
2.255,462.3
2.255,473.8
2.255,451.1
2.255,485.8
2.255,446.1
2.255,432.6
2.256,446.7
2.256,452.9
2.257,436.5
2.258,453.7
2.258,432.4
2.258,458.9
2.258,445.5
2.258,419.1
2.258,463.7
2.259,454.5
2.259,450.4
2.259,450.5
2.26,434.7
2.26,430.7
2.26,446.0
2.26,476.8
2.26,460.3
2.261,429.8
2.261,485.6
2.261,431.9
2.262,452.9
2.262,439.3
2.263,463.7
2.263,461.8
2.263,460.9
2.263,427.3
2.263,483.2
2.264,435.8
2.264,507.5
2.264,524.3
2.265,458.4
2.265,479.7
2.265,459.1
2.265,460.9
2.265,450.4
2.265,468.1
2.265,477.9
2.266,404.7
2.266,447.2
2.266,427.5
2.266,462.2
2.266,471.2
2.266,471.3
2.266,449.9
2.267,426.7
2.267,462.3
2.267,439.7
2.267,493.0
2.267,440.1
2.267,470.7
2.268,446.0
2.268,444.6
2.268,405.9
2.269,404.7
2.269,460.2
2.27,513.2
2.27,448.4
2.27,417.8
2.27,475.0
2.271,467.8
2.271,431.7
2.272,472.2
2.272,460.6
2.273,452.7
2.273,436.9
2.273,436.3
2.273,460.8
2.273,466.8
2.273,494.0
2.273,404.1
2.274,469.5
2.275,511.8
2.275,435.3
2.275,437.5
2.275,459.0
2.275,448.3
2.276,460.3
2.276,505.8
2.276,529.5
2.276,454.1
2.276,480.3
2.277,384.7
2.277,462.7
2.277,421.7
2.277,453.4
2.277,487.2
2.277,466.6
2.278,458.1
2.278,473.0
2.278,443.7
2.278,476.3
2.278,472.3
2.278,436.7
2.279,444.6
2.279,463.5
2.28,468.7
2.28,439.9
2.28,470.0
2.28,481.1
2.28,429.0
2.281,484.1
2.281,460.5
2.281,429.2
2.281,438.9
2.281,463.7
2.281,445.4
2.281,436.1
2.281,475.8
2.281,440.9
2.282,418.7
2.282,505.7
2.282,424.8
2.283,394.4
2.283,391.7
2.283,453.5
2.283,494.3
2.283,411.7
2.283,518.9
2.284,479.4
2.284,423.8
2.285,417.5
2.285,463.6
2.285,423.5
2.286,438.1
2.286,445.4
2.286,500.5
2.286,434.7
2.286,489.3
2.286,458.5
2.286,416.0
2.287,487.3
2.287,481.3
2.287,441.8
2.288,476.1
2.288,462.4
2.289,444.4
2.289,484.9
2.289,397.8
2.29,446.7
2.291,426.3
2.291,453.1
2.291,476.4
2.291,445.7
2.291,428.6
2.291,493.9
2.292,442.8
2.292,462.9
2.292,449.5
2.292,493.2
2.292,453.5
2.292,473.2
2.293,405.9
2.293,430.4
2.293,494.4
2.293,455.1
2.293,417.9
2.293,479.9
2.293,442.6
2.293,516.6
2.294,483.9
2.295,473.2
2.295,478.0
2.295,482.9
2.296,483.7
2.296,456.5
2.296,459.9
2.296,482.3
2.296,453.5
2.296,443.7
2.296,452.2
2.297,427.1
2.298,458.0
2.298,458.0
2.298,436.6
2.298,441.0
2.298,423.0
2.298,398.6
2.298,534.4
2.299,486.3
2.299,484.6
2.3,476.2
2.3,486.0
2.3,483.4
2.3,396.0
2.3,436.9
2.3,458.9
2.301,474.0
2.301,447.8
2.301,415.7
2.301,452.7
2.301,478.7
2.301,480.1
2.301,452.1
2.302,482.2
2.302,441.6
2.302,455.9
2.304,475.7
2.304,467.8
2.304,434.3
2.305,435.6
2.305,474.2
2.305,504.8
2.306,429.2
2.306,498.8
2.306,452.4
2.306,415.9
2.307,487.3
2.307,538.8
2.307,455.3
2.308,506.5
2.308,444.9
2.308,482.5
2.309,436.7
2.309,469.5
2.309,439.2
2.309,473.0
2.309,462.1
2.309,449.1
2.309,513.3
2.309,480.1
2.31,447.6
2.31,437.1
2.31,490.7
2.31,412.2
2.31,450.7
2.311,475.2
2.311,438.0
2.311,456.0
2.312,465.6
2.312,418.3
2.313,497.2
2.313,383.9
2.313,442.8
2.313,447.9
2.313,487.2
2.313,473.9
2.314,473.8
2.314,425.0
2.314,468.9
2.314,462.6
2.314,481.0
2.315,435.8
2.315,514.4
2.315,511.7
2.315,480.4
2.316,463.0
2.316,516.2
2.316,443.2
2.316,413.6
2.316,462.6
2.316,486.3
2.317,484.5
2.317,381.2
2.317,426.0
2.318,447.5
2.318,477.5
2.318,494.1
2.318,433.8
2.318,469.0
2.319,470.3
2.319,449.3
2.319,480.0
2.319,483.7
2.319,431.4
2.319,462.8
2.32,471.8
2.32,513.9
2.32,415.9
2.32,476.3
2.32,410.4
2.32,480.2
2.321,504.2
2.321,438.7
2.321,439.4
2.322,510.4
2.323,442.0
2.324,410.3
2.324,456.2
2.324,502.5
2.324,434.0
2.325,510.3
2.325,529.7
2.325,436.6
2.325,439.2
2.325,452.6
2.326,417.7
2.327,441.6
2.327,459.0
2.328,461.4
2.328,480.4
2.328,493.5
2.329,452.5
2.329,418.3
2.329,440.2
2.329,415.8
2.33,462.2
2.33,478.3
2.33,480.3
2.331,437.4
2.331,471.3
2.331,425.5
2.331,447.3
2.331,477.8
2.332,478.6
2.332,445.9
2.333,415.3
2.333,478.6
2.333,473.4
2.333,515.1
2.333,492.1
2.334,419.4
2.335,474.5
2.335,439.4
2.335,515.2
2.335,496.0
2.335,459.5
2.335,438.7
2.336,450.1
2.336,440.9
2.336,447.7
2.336,427.9
2.337,543.6
2.337,493.6
2.337,461.0
2.338,476.1
2.338,427.7
2.338,466.3
2.339,415.6
2.339,475.5
2.339,469.4
2.339,441.7
2.339,463.0
2.341,424.4
2.341,416.5
2.341,506.6
2.341,436.2
2.341,463.6
2.341,480.0
2.341,439.7
2.343,461.9
2.344,475.4
2.344,471.7
2.344,447.0
2.344,427.5
2.344,452.0
2.346,528.7
2.346,390.6
2.346,494.3
2.347,475.7
2.347,488.1
2.347,439.9
2.348,466.5
2.348,410.6
2.348,444.5
2.348,455.3
2.349,482.0
2.349,444.2
2.35,482.5
2.35,412.3
2.35,439.8
2.35,414.0
2.35,517.6
2.35,423.4
2.35,467.9
2.35,449.4
2.351,499.3
2.351,490.0
2.351,444.0
2.351,485.5
2.351,410.3
2.351,547.7
2.351,470.8
2.352,479.9
2.352,453.8
2.352,556.0
2.353,512.5
2.353,473.0
2.353,444.6
2.353,483.1
2.353,450.8
2.353,427.5
2.354,455.0
2.354,524.5
2.354,474.8
2.354,443.4
2.354,461.0
2.355,397.1
2.355,456.3
2.355,465.7
2.355,442.1
2.356,461.1
2.356,470.9
2.357,459.4
2.357,454.6
2.358,440.9
2.358,471.1
2.358,489.8
2.358,424.2
2.359,459.2
2.36,426.4
2.36,456.6
2.36,488.1
2.36,478.3
2.361,450.4
2.361,488.2
2.361,424.0
2.362,464.8
2.363,513.6
2.363,487.1
2.363,414.6
2.364,496.1
2.364,441.6
2.364,481.2
2.364,472.4
2.365,478.9
2.365,497.8
2.366,444.7
2.366,494.7
2.366,449.3
2.367,474.8
2.367,457.9
2.367,474.6
2.368,479.5
2.368,489.0
2.368,456.8
2.368,457.5
2.369,472.7
2.369,450.7
2.37,458.0
2.37,439.0
2.37,463.6
2.37,492.5
2.371,409.9
2.371,443.1
2.371,434.6
2.371,434.2
2.371,479.4
2.371,461.2
2.371,520.1
2.373,474.3
2.374,475.9
2.374,505.5
2.374,478.5
2.374,440.1
2.375,467.6
2.375,489.0
2.375,452.9
2.375,505.5
2.375,471.4
2.375,470.1
2.375,478.4
2.376,520.3
2.376,503.6
2.376,507.9
2.376,465.5
2.376,471.3
2.376,423.8
2.377,480.1
2.377,501.9
2.377,469.9
2.377,460.4
2.378,402.5
2.378,523.2
2.378,497.3
2.379,440.3
2.379,463.5
2.379,486.5
2.379,426.7
2.379,427.9
2.379,467.3
2.379,486.4
2.379,448.9
2.38,478.8
2.38,482.8
2.38,492.4
2.38,470.8
2.38,487.0
2.381,477.4
2.381,441.4
2.381,480.1
2.382,524.8
2.382,448.6
2.382,458.3
2.382,496.9
2.383,459.6
2.383,455.6
2.383,444.4
2.383,448.9
2.383,513.9
2.383,464.1
2.383,443.2
2.384,486.7
2.384,451.3
2.384,438.5
2.384,421.5
2.385,441.3
2.385,498.2
2.386,408.8
2.386,481.2
2.386,453.4
2.386,498.3
2.386,454.3
2.386,507.4
2.387,509.3
2.387,460.9
2.387,445.3
2.387,454.2
2.387,440.8
2.387,506.4
2.387,490.1
2.387,477.8
2.387,457.3
2.387,444.8
2.388,437.2
2.388,468.5
2.388,427.6
2.389,509.3
2.389,456.7
2.389,392.8
2.389,437.8
2.389,439.1
2.389,476.0
2.389,535.5
2.391,445.5
2.391,490.0
2.391,493.7
2.391,455.5
2.392,494.1
2.392,488.5
2.392,425.7
2.393,482.3
2.393,447.4
2.393,494.5
2.394,489.9
2.394,492.9
2.395,481.5
2.395,462.1
2.395,489.1
2.395,476.6
2.396,485.6
2.396,484.1
2.397,486.1
2.397,477.8
2.397,521.3
2.397,463.2
2.397,453.3
2.398,531.6
2.398,470.1
2.398,472.0
2.399,454.3
2.399,455.4
2.399,457.3
2.399,453.0
2.399,461.9
2.4,516.2
2.4,438.2
2.4,509.5
2.401,474.9
2.401,473.0
2.401,499.0
2.402,452.5
2.402,439.7
2.402,484.0
2.402,440.4
2.403,442.5
2.403,455.6
2.403,474.1
2.403,466.1
2.403,443.1
2.404,459.6
2.404,476.9
2.404,497.7
2.404,529.9
2.404,488.8
2.404,473.3
2.405,481.5
2.405,475.3
2.405,474.7
2.405,485.7
2.406,483.7
2.406,448.4
2.407,473.3
2.407,459.0
2.407,444.9
2.407,474.1
2.407,469.8
2.407,497.2
2.408,500.3
2.408,515.4
2.409,447.2
2.409,484.8
2.411,515.0
2.411,451.3
2.411,477.1
2.411,490.4
2.411,487.5
2.411,460.1
2.411,495.0
2.411,462.1
2.412,458.6
2.412,506.3
2.413,506.7
2.413,465.2
2.413,459.3
2.414,447.5
2.414,509.2
2.414,480.7
2.415,545.1
2.415,484.4
2.415,534.1
2.415,461.4
2.415,474.4
2.415,455.7
2.415,449.7
2.415,421.0
2.415,448.3
2.416,546.7
2.416,490.9
2.416,421.6
2.416,461.5
2.416,465.8
2.417,447.3
2.417,482.6
2.417,479.4
2.417,491.5
2.417,439.4
2.418,413.4
2.418,452.2
2.418,467.7
2.418,474.2
2.419,480.8
2.419,488.5
2.419,450.5
2.419,513.3
2.42,503.0
2.42,493.7
2.42,449.0
2.421,483.9
2.421,472.4
2.421,465.4
2.421,502.7
2.421,515.2
2.421,462.0
2.421,494.5
2.422,443.2
2.422,480.0
2.422,438.3
2.422,572.7
2.423,447.3
2.423,491.7
2.423,440.1
2.423,471.7
2.424,436.0
2.424,484.3
2.424,449.9
2.424,496.4
2.425,512.1
2.425,481.4
2.425,471.3
2.425,489.6
2.425,511.2
2.426,482.8
2.426,481.9
2.426,509.1
2.427,433.5
2.427,511.0
2.428,476.5
2.429,428.1
2.429,490.9
2.429,492.2
2.429,472.9
2.43,443.9
2.431,463.1
2.431,483.7
2.431,475.3
2.431,472.2
2.431,521.0
2.432,465.2
2.432,460.7
2.433,482.3
2.433,443.4
2.434,432.8
2.434,509.7
2.434,520.3
2.434,459.4
2.434,500.3
2.435,450.3
2.435,485.1
2.435,423.1
2.435,458.2
2.435,477.0
2.435,520.1
2.435,449.2
2.436,505.5
2.436,453.9
2.436,490.2
2.437,474.9
2.437,481.0
2.437,478.8
2.438,497.2
2.438,520.7
2.438,491.9
2.438,477.8
2.438,478.5
2.439,474.9
2.439,475.6
2.439,452.6
2.439,448.8
2.439,488.4
2.439,467.2
2.439,512.6
2.439,435.1
2.44,455.1
2.44,468.8
2.44,471.2
2.44,496.6
2.44,507.7
2.44,495.4
2.441,540.8
2.441,439.6
2.441,495.3
2.441,534.5
2.442,464.3
2.442,405.3
2.443,490.9
2.443,470.1
2.443,473.1
2.443,484.5
2.444,454.1
2.444,499.1
2.444,516.5
2.444,444.5
2.445,462.9
2.445,466.4
2.445,448.8
2.446,490.0
2.446,427.4
2.447,468.5
2.447,491.0
2.447,499.4
2.447,461.2
2.447,493.7
2.447,499.6
2.447,458.8
2.448,487.0
2.448,449.5
2.449,443.2
2.449,486.8
2.449,451.0
2.449,469.3
2.45,478.6
2.45,530.5
2.451,454.5
2.451,476.1
2.451,454.4
2.452,492.9
2.452,441.7
2.452,467.5
2.452,482.8
2.453,522.3
2.453,492.4
2.453,473.3
2.453,427.3
2.453,451.9
2.454,446.9
2.454,510.3
2.454,448.4
2.454,491.0
2.455,478.5
2.455,515.2
2.455,474.3
2.456,498.0
2.456,484.2
2.456,479.0
2.456,524.7
2.456,482.4
2.456,508.2
2.456,471.9
2.456,463.9
2.457,427.5
2.457,485.3
2.457,499.3
2.457,500.0
2.457,507.0
2.457,456.6
2.457,496.5
2.457,463.4
2.458,487.3
2.458,503.1
2.459,489.5
2.459,481.1
2.459,527.0
2.459,499.8
2.46,438.6
2.46,497.9
2.46,488.5
2.46,460.2
2.461,412.0
2.461,516.4
2.461,524.3
2.461,467.9
2.462,457.5
2.462,536.0
2.462,514.1
2.463,389.5
2.463,451.4
2.463,516.5
2.463,488.1
2.463,475.1
2.463,446.8
2.463,463.8
2.463,470.9
2.464,462.7
2.464,474.6
2.464,459.2
2.465,442.1
2.466,481.5
2.466,456.3
2.467,507.3
2.467,497.3
2.467,451.5
2.467,502.5
2.467,477.7
2.467,505.5
2.468,477.5
2.469,524.9
2.469,491.1
2.469,471.1
2.469,465.3
2.469,461.2
2.469,456.8
2.469,454.7
2.47,452.5
2.47,539.2
2.47,428.3
2.47,437.1
2.471,513.7
2.471,451.8
2.471,464.7
2.471,483.9
2.472,482.0
2.472,480.2
2.472,466.1
2.472,459.3
2.473,514.4
2.473,533.0
2.473,506.3
2.473,503.4
2.473,433.1
2.473,502.0
2.474,519.5
2.474,469.4
2.474,530.0
2.474,485.8
2.474,554.5
2.474,519.0
2.475,551.6
2.475,484.2
2.475,484.4
2.475,435.0
2.475,483.2
2.475,534.2
2.475,477.0
2.475,484.2
2.475,423.2
2.476,425.7
2.476,459.0
2.476,487.4
2.477,448.8
2.477,513.7
2.477,445.5
2.477,478.6
2.477,481.6
2.478,512.3
2.478,486.3
2.478,481.6
2.478,464.3
2.479,496.6
2.479,457.3
2.479,489.8
2.479,473.4
2.48,522.3
2.48,503.3
2.48,490.6
2.48,509.5
2.481,438.2
2.481,498.9
2.482,512.9
2.482,491.1
2.482,495.6
2.482,451.3
2.483,491.9
2.484,459.7
2.484,512.6
2.484,503.2
2.484,429.9
2.484,492.5
2.484,454.1
2.485,498.9
2.485,495.3
2.485,503.0
2.485,501.2
2.485,432.3
2.486,488.0
2.486,510.5
2.487,494.5
2.487,491.0
2.487,495.7
2.487,472.3
2.488,475.6
2.488,476.8
2.488,481.6
2.488,469.9
2.488,479.6
2.489,456.6
2.489,506.4
2.489,511.5
2.489,461.0
2.49,459.8
2.49,464.0
2.49,509.6
2.49,556.3
2.491,494.0
2.491,443.4
2.492,507.8
2.492,533.4
2.492,506.4
2.493,469.6
2.493,453.9
2.493,443.0
2.493,453.8
2.494,480.2
2.494,484.9
2.495,558.4
2.495,459.8
2.495,470.1
2.495,502.3
2.495,452.0
2.495,479.0
2.495,510.2
2.495,470.9
2.495,496.1
2.496,520.8
2.496,442.9
2.496,439.7
2.496,518.6
2.496,475.7
2.497,434.1
2.497,485.5
2.497,445.2
2.497,502.9
2.497,418.5
2.497,459.8
2.498,463.0
2.498,459.4
2.498,458.4
2.498,447.0
2.498,502.1
2.498,485.2
2.498,460.8
2.499,463.7
2.499,512.8
2.499,487.2
2.5,491.7
2.5,471.7
2.5,459.8
2.501,494.4
2.501,480.5
2.501,487.0
2.501,446.8
2.501,478.5
2.501,502.5
2.501,474.0
2.502,481.9
2.502,484.2
2.502,541.8
2.503,495.3
2.503,451.1
2.503,454.7
2.504,477.5
2.504,451.7
2.505,552.8
2.505,591.9
2.505,539.6
2.505,466.8
2.505,501.4
2.505,492.2
2.505,478.9
2.506,527.9
2.507,483.7
2.507,482.2
2.507,459.0
2.508,506.4
2.508,447.6
2.508,500.5
2.509,494.8
2.509,457.1
2.509,479.0
2.509,514.4
2.509,495.0
2.51,487.8
2.51,463.9
2.51,498.0
2.51,486.0
2.511,512.2
2.511,482.3
2.511,458.0
2.512,474.6
2.512,443.7
2.513,408.0
2.513,455.7
2.513,510.1
2.513,524.9
2.513,467.6
2.514,501.2
2.514,515.2
2.514,508.8
2.514,526.2
2.515,566.4
2.515,462.3
2.515,480.1
2.516,551.9
2.516,484.3
2.517,484.6
2.517,448.3
2.518,499.4
2.518,494.3
2.518,517.9
2.518,502.0
2.518,465.2
2.518,434.3
2.518,521.2
2.519,480.9
2.519,489.9
2.519,476.1
2.519,528.3
2.519,447.4
2.519,510.2
2.519,511.2
2.519,495.2
2.52,490.3
2.52,500.3
2.521,509.4
2.521,491.9
2.521,492.4
2.522,516.3
2.522,499.7
2.522,474.1
2.523,537.3
2.523,477.8
2.523,504.3
2.523,545.4
2.523,467.2
2.523,490.9
2.523,468.6
2.524,551.5
2.524,448.2
2.524,486.5
2.524,491.6
2.525,526.6
2.525,496.0
2.525,443.8
2.525,455.4
2.525,467.1
2.525,471.5
2.525,474.4
2.526,470.4
2.527,481.7
2.527,528.6
2.527,507.1
2.527,473.6
2.528,476.9
2.528,471.1
2.529,436.3
2.53,460.9
2.53,524.7
2.531,480.1
2.531,476.9
2.531,483.0
2.531,526.6
2.532,533.5
2.532,457.7
2.532,492.0
2.532,479.7
2.532,531.0
2.532,542.1
2.533,464.5
2.533,502.4
2.534,488.7
2.534,483.4
2.534,518.4
2.534,500.1
2.534,496.1
2.534,470.7
2.535,513.5
2.535,534.8
2.535,473.7
2.535,565.8
2.535,508.2
2.535,489.5
2.536,506.2
2.536,522.6
2.536,526.5
2.536,481.7
2.536,478.8
2.537,536.1
2.537,472.8
2.538,535.6
2.538,529.5
2.538,497.1
2.539,498.2
2.539,478.6
2.539,434.2
2.539,512.8
2.539,517.1
2.539,428.8
2.539,463.6
2.539,501.7
2.539,469.7
2.54,476.8
2.54,515.4
2.54,518.7
2.54,468.5
2.54,476.1
2.541,468.8
2.541,470.9
2.541,508.0
2.541,444.9
2.541,468.9
2.541,463.6
2.542,489.9
2.542,476.6
2.542,493.4
2.542,534.1
2.543,513.4
2.543,476.5
2.543,500.2
2.543,494.4
2.543,490.5
2.544,512.6
2.544,520.7
2.544,482.4
2.545,522.4
2.545,515.1
2.546,509.3
2.547,481.5
2.547,468.0
2.547,530.5
2.547,511.6
2.547,491.8
2.548,533.1
2.548,476.2
2.548,509.2
2.548,534.2
2.549,508.0
2.549,460.8
2.549,482.4
2.55,503.1
2.55,504.8
2.55,488.2
2.551,511.9
2.551,470.5
2.551,529.7
2.552,466.6
2.552,500.0
2.553,444.2
2.553,530.4
2.553,503.5
2.554,495.3
2.554,498.6
2.554,491.7
2.554,532.7
2.555,534.4
2.555,488.5
2.555,510.2
2.555,420.8
2.555,486.0
2.555,532.9
2.555,473.6
2.555,459.5
2.556,505.2
2.556,451.8
2.557,450.8
2.557,531.8
2.558,532.6
2.558,435.1
2.559,515.3
2.559,503.7
2.559,563.7
2.56,560.9
2.56,519.9
2.56,519.8
2.561,509.6
2.561,533.2
2.561,499.4
2.561,502.2
2.562,488.0
2.562,516.0
2.562,556.7
2.562,551.0
2.562,485.6
2.562,519.5
2.563,511.1
2.563,467.4
2.564,499.8
2.564,526.4
2.564,496.0
2.564,496.4
2.564,484.0
2.565,471.1
2.565,529.5
2.566,493.4
2.566,464.5
2.566,487.8
2.566,496.3
2.567,493.8
2.567,505.7
2.567,499.8
2.567,536.0
2.567,498.8
2.568,485.0
2.568,472.1
2.57,479.8
2.57,519.2
2.57,498.6
2.57,482.8
2.571,492.3
2.571,524.5
2.571,486.7
2.571,527.3
2.571,458.4
2.571,536.6
2.572,516.9
2.572,498.8
2.573,493.5
2.573,459.0
2.573,480.0
2.573,527.2
2.574,509.3
2.575,480.8
2.575,469.4
2.576,546.0
2.576,489.2
2.576,521.6
2.576,496.0
2.578,487.6
2.578,490.5
2.579,475.6
2.579,466.9
2.58,497.9
2.58,495.9
2.58,441.1
2.581,475.0
2.581,508.6
2.581,437.9
2.581,492.4
2.582,514.4
2.582,507.5
2.582,530.3
2.582,537.1
2.582,502.1
2.582,448.5
2.583,458.8
2.583,519.1
2.583,460.1
2.584,495.8
2.584,508.4
2.585,452.9
2.585,478.6
2.585,456.9
2.585,504.6
2.585,407.1
2.586,448.9
2.587,494.5
2.587,487.0
2.587,553.3
2.588,521.9
2.588,604.6
2.588,518.6
2.588,560.0
2.588,505.9
2.589,511.3
2.589,454.3
2.59,522.0
2.59,471.9
2.591,477.2
2.591,511.0
2.592,466.9
2.593,567.4
2.594,544.2
2.594,456.7
2.594,516.7
2.596,566.2
2.596,545.6
2.597,524.6
2.597,488.4
2.598,464.2
2.598,550.7
2.599,508.9
2.599,500.4
2.599,505.8
2.599,528.3
2.6,511.3
2.6,479.6
2.6,517.3
2.6,449.1
2.6,543.6
2.601,476.1
2.601,511.3
2.602,529.2
2.602,499.9
2.602,451.2
2.602,483.8
2.603,506.3
2.603,495.0
2.604,536.9
2.604,509.7
2.604,517.6
2.604,520.2
2.605,498.2
2.605,491.9
2.605,490.3
2.605,490.3
2.605,523.2
2.605,479.8
2.607,485.7
2.607,470.3
2.608,522.5
2.609,501.5
2.609,572.8
2.609,525.6
2.609,514.4
2.61,459.3
2.61,524.9
2.611,506.3
2.611,455.7
2.611,465.3
2.611,470.8
2.611,496.9
2.612,501.7
2.612,511.3
2.612,567.1
2.612,472.0
2.613,535.7
2.613,506.8
2.613,523.8
2.613,489.6
2.614,481.9
2.614,488.0
2.615,576.1
2.615,460.6
2.615,500.0
2.616,522.9
2.616,525.7
2.617,501.9
2.618,483.4
2.618,480.7
2.618,522.3
2.62,458.2
2.62,556.3
2.62,495.9
2.62,550.9
2.621,489.7
2.621,461.5
2.621,479.8
2.621,502.7
2.622,464.7
2.622,481.5
2.622,438.3
2.622,480.9
2.622,495.7
2.623,549.7
2.624,529.7
2.625,499.4
2.625,542.3
2.625,448.1
2.625,468.7
2.626,468.0
2.627,512.8
2.628,452.0
2.628,517.7
2.628,532.5
2.629,461.2
2.629,471.9
2.63,540.4
2.63,505.3
2.63,513.2
2.631,509.9
2.631,484.8
2.631,491.3
2.631,492.4
2.632,502.3
2.633,470.0
2.633,521.2
2.634,603.7
2.634,518.8
2.634,479.1
2.634,452.5
2.634,481.7
2.635,480.7
2.635,518.7
2.635,537.4
2.636,489.4
2.636,467.2
2.636,448.7
2.637,536.5
2.637,521.1
2.638,482.7
2.638,516.8
2.638,468.2
2.639,522.5
2.64,517.0
2.64,555.1
2.64,553.6
2.642,604.7
2.643,526.3
2.643,529.1
2.644,517.8
2.645,479.2
2.645,480.8
2.645,512.2
2.646,501.8
2.646,571.1
2.646,512.3
2.648,455.2
2.648,550.9
2.648,520.8
2.649,538.3
2.649,556.9
2.649,559.5
2.65,564.4
2.65,468.8
2.651,519.6
2.651,538.4
2.651,542.0
2.651,500.4
2.651,504.3
2.651,530.4
2.652,541.3
2.653,518.3
2.654,525.1
2.654,463.7
2.654,571.7
2.654,473.8
2.654,532.7
2.655,584.4
2.655,522.6
2.657,511.9
2.657,515.2
2.657,477.9
2.657,533.3
2.659,524.8
2.659,502.7
2.659,488.0
2.659,522.3
2.66,516.6
2.661,469.8
2.661,589.1
2.662,497.8
2.662,479.6
2.662,515.9
2.662,527.6
2.663,510.1
2.663,516.6
2.663,486.6
2.665,500.9
2.665,517.1
2.665,495.5
2.666,575.5
2.666,479.5
2.666,589.1
2.666,535.4
2.667,527.3
2.667,521.2
2.667,534.8
2.667,543.0
2.668,505.5
2.668,501.5
2.669,475.1
2.67,506.5
2.67,502.8
2.67,478.7
2.671,457.6
2.671,495.4
2.671,464.2
2.671,484.9
2.671,541.2
2.672,508.5
2.673,495.5
2.673,510.4
2.673,520.9
2.673,522.9
2.674,509.2
2.674,500.8
2.674,506.4
2.675,511.3
2.675,473.2
2.675,510.1
2.675,540.6
2.675,542.3
2.676,550.3
2.676,516.4
2.676,536.0
2.677,523.0
2.677,456.8
2.678,538.0
2.679,555.5
2.679,498.8
2.679,504.8
2.682,517.1
2.683,502.1
2.683,490.1
2.685,485.2
2.685,485.8
2.687,520.3
2.689,515.5
2.689,489.2
2.69,497.8
2.69,529.3
2.69,514.7
2.691,482.2
2.691,484.3
2.691,536.8
2.691,540.2
2.692,482.4
2.693,512.1
2.693,548.0
2.693,527.3
2.693,578.7
2.693,486.7
2.694,542.6
2.695,520.2
2.696,568.0
2.696,491.6
2.696,532.0
2.697,525.5
2.697,510.8
2.697,564.6
2.698,530.9
2.698,493.5
2.699,500.3
2.699,534.8
2.699,478.0
2.701,579.1
2.702,510.9
2.702,501.3
2.702,494.1
2.703,510.5
2.703,563.2
2.703,476.8
2.703,457.9
2.704,488.0
2.705,532.6
2.705,502.7
2.705,490.3
2.705,521.1
2.705,476.3
2.706,443.9
2.706,461.6
2.706,510.4
2.707,497.7
2.708,566.6
2.709,506.4
2.709,502.2
2.71,519.5
2.711,541.5
2.711,518.8
2.712,584.7
2.713,487.9
2.713,505.6
2.713,535.6
2.714,517.0
2.715,495.3
2.715,514.6
2.716,474.1
2.716,553.4
2.717,473.2
2.719,517.3
2.72,553.6
2.721,518.2
2.722,478.9
2.722,557.8
2.722,502.0
2.724,542.2
2.724,544.9
2.725,569.2
2.725,555.0
2.725,492.7
2.725,500.5
2.727,512.0
2.727,549.3
2.727,497.5
2.729,528.2
2.73,510.4
2.73,468.2
2.73,540.2
2.73,535.8
2.73,501.8
2.73,568.7
2.73,459.7
2.73,578.7
2.73,541.9
2.731,566.4
2.731,553.4
2.731,474.4
2.732,509.7
2.732,597.5
2.732,533.6
2.732,496.5
2.732,518.4
2.733,580.0
2.735,489.7
2.736,523.6
2.736,560.2
2.736,562.9
2.736,555.6
2.736,520.1
2.738,608.9
2.738,511.9
2.74,527.4
2.74,546.1
2.741,527.5
2.741,499.7
2.741,515.1
2.742,525.5
2.743,532.1
2.744,527.0
2.745,549.5
2.745,596.4
2.745,541.3
2.745,523.4
2.747,532.9
2.747,557.6
2.748,501.3
2.748,495.3
2.749,515.4
2.749,560.6
2.751,529.3
2.752,468.8
2.753,498.9
2.753,550.0
2.755,508.5
2.756,524.2
2.758,507.5
2.759,469.2
2.759,486.2
2.761,595.5
2.761,481.4
2.761,535.5
2.762,503.5
2.762,549.3
2.762,545.2
2.762,545.0
2.762,513.9
2.763,507.8
2.767,550.5
2.767,557.9
2.77,497.2
2.77,481.6
2.77,500.7
2.772,506.3
2.773,533.3
2.773,541.0
2.774,518.6
2.774,522.4
2.775,566.8
2.775,526.7
2.775,512.1
2.776,500.6
2.776,542.4
2.776,494.7
2.776,542.9
2.777,591.0
2.778,523.7
2.78,544.4
2.78,520.9
2.781,489.1
2.781,526.0
2.781,545.8
2.782,545.7
2.782,546.2
2.782,478.4
2.783,522.0
2.783,565.9
2.784,540.2
2.785,492.1
2.786,565.5
2.788,545.6
2.788,455.9
2.788,486.0
2.789,488.1
2.793,559.1
2.793,565.8
2.794,509.9
2.796,526.0
2.797,536.5
2.798,569.9
2.799,506.9
2.801,526.2
2.802,567.8
2.802,490.0
2.803,514.0
2.803,547.0
2.803,428.4
2.803,523.1
2.803,515.7
2.804,535.2
2.804,556.6
2.804,576.2
2.804,548.4
2.805,572.8
2.806,542.1
2.807,516.2
2.808,546.8
2.808,545.7
2.809,513.1
2.809,581.2
2.811,496.1
2.813,509.3
2.814,536.7
2.814,529.1
2.815,577.1
2.816,510.2
2.817,530.5
2.818,543.8
2.818,601.0
2.819,590.7
2.819,525.1
2.821,484.8
2.821,515.6
2.822,515.7
2.822,530.8
2.822,558.0
2.822,552.9
2.822,528.0
2.825,543.5
2.826,546.0
2.828,522.2
2.828,523.8
2.829,564.9
2.83,498.2
2.83,554.0
2.83,571.2
2.83,490.5
2.834,545.8
2.834,584.2
2.835,559.5
2.835,541.9
2.836,507.1
2.837,540.4
2.838,540.2
2.838,537.2
2.839,535.4
2.839,544.0
2.84,543.9
2.84,560.6
2.84,552.8
2.841,486.5
2.841,538.4
2.842,457.1
2.842,550.9
2.844,628.3
2.846,572.4
2.847,482.1
2.847,523.3
2.847,524.4
2.849,508.9
2.851,567.0
2.852,497.5
2.857,586.7
2.858,582.1
2.863,564.3
2.864,517.6
2.865,445.5
2.865,479.0
2.865,550.9
2.866,553.4
2.866,615.2
2.866,588.5
2.868,542.6
2.868,624.6
2.869,585.8
2.872,592.7
2.872,525.3
2.873,579.5
2.873,515.5
2.875,548.0
2.876,568.3
2.877,559.0
2.877,550.1
2.878,591.3
2.88,551.2
2.881,562.7
2.881,557.1
2.882,501.8
2.884,564.4
2.885,555.2
2.886,475.4
2.893,602.2
2.895,602.1
2.895,537.1
2.897,528.3
2.899,541.5
2.899,533.0
2.899,522.0
2.9,517.3
2.901,506.6
2.905,627.7
2.909,513.8
2.911,488.3
2.915,521.4
2.916,567.1
2.917,571.3
2.917,556.6
2.918,509.1
2.923,517.5
2.927,556.0
2.928,582.7
2.932,552.5
2.932,553.4
2.937,545.3
2.939,584.2
2.941,587.0
2.943,553.8
2.944,539.5
2.946,585.1
2.951,529.9
2.953,553.1
2.962,569.5
2.964,603.3
2.97,594.2
2.971,537.3
2.971,600.7
2.976,558.7
2.983,587.3
2.99,584.1
2.991,566.5
2.991,542.4
2.995,581.4
2.998,489.3
3.0,563.4
3.0,607.7
3.0,574.4
3.0,531.3
3.0,567.8
3.0,549.8
3.0,519.9
3.0,622.5
3.0,569.7
3.0,581.3
3.0,527.2
3.0,604.8
3.0,568.9
3.0,556.2
3.0,560.5
3.0,560.4
3.0,527.0
3.0,540.9
3.0,573.3
3.0,491.2
3.0,529.5
3.0,513.8
3.0,675.7
